"student","occas","gpa","job","sex","high_school_gpa","admitted_to_university_of_their_choice","year","semester"
"1","year 1 semester 1",2.3,"2 hours","female",2.8,"yes",1,0
"1","year 1 semester 2",2.1,"2 hours","female",2.8,"yes",1,1
"1","year 2 semester 1",3,"2 hours","female",2.8,"yes",2,2
"1","year 2 semester 2",3,"2 hours","female",2.8,"yes",2,3
"1","year 3 semester 1",3,"2 hours","female",2.8,"yes",3,4
"1","year 3 semester 2",3.3,"2 hours","female",2.8,"yes",3,5
"2","year 1 semester 1",2.2,"2 hours","male",2.5,"no",1,0
"2","year 1 semester 2",2.5,"3 hours","male",2.5,"no",1,1
"2","year 2 semester 1",2.6,"2 hours","male",2.5,"no",2,2
"2","year 2 semester 2",2.6,"2 hours","male",2.5,"no",2,3
"2","year 3 semester 1",3,"2 hours","male",2.5,"no",3,4
"2","year 3 semester 2",2.8,"2 hours","male",2.5,"no",3,5
"3","year 1 semester 1",2.4,"2 hours","female",2.5,"yes",1,0
"3","year 1 semester 2",2.9,"2 hours","female",2.5,"yes",1,1
"3","year 2 semester 1",3,"2 hours","female",2.5,"yes",2,2
"3","year 2 semester 2",2.8,"3 hours","female",2.5,"yes",2,3
"3","year 3 semester 1",3.3,"2 hours","female",2.5,"yes",3,4
"3","year 3 semester 2",3.4,"2 hours","female",2.5,"yes",3,5
"4","year 1 semester 1",2.5,"3 hours","male",3.8,"no",1,0
"4","year 1 semester 2",2.7,"2 hours","male",3.8,"no",1,1
"4","year 2 semester 1",2.4,"2 hours","male",3.8,"no",2,2
"4","year 2 semester 2",2.7,"2 hours","male",3.8,"no",2,3
"4","year 3 semester 1",2.9,"2 hours","male",3.8,"no",3,4
"4","year 3 semester 2",2.7,"2 hours","male",3.8,"no",3,5
"5","year 1 semester 1",2.8,"2 hours","male",3.1,"yes",1,0
"5","year 1 semester 2",2.8,"2 hours","male",3.1,"yes",1,1
"5","year 2 semester 1",2.8,"2 hours","male",3.1,"yes",2,2
"5","year 2 semester 2",3,"2 hours","male",3.1,"yes",2,3
"5","year 3 semester 1",2.9,"2 hours","male",3.1,"yes",3,4
"5","year 3 semester 2",3.1,"2 hours","male",3.1,"yes",3,5
"6","year 1 semester 1",2.5,"2 hours","female",2.9,"no",1,0
"6","year 1 semester 2",2.4,"3 hours","female",2.9,"no",1,1
"6","year 2 semester 1",2.4,"3 hours","female",2.9,"no",2,2
"6","year 2 semester 2",2.3,"2 hours","female",2.9,"no",2,3
"6","year 3 semester 1",2.7,"3 hours","female",2.9,"no",3,4
"6","year 3 semester 2",2.8,"3 hours","female",2.9,"no",3,5
"7","year 1 semester 1",2.4,"3 hours","male",2.3,"yes",1,0
"7","year 1 semester 2",2.4,"2 hours","male",2.3,"yes",1,1
"7","year 2 semester 1",2.8,"3 hours","male",2.3,"yes",2,2
"7","year 2 semester 2",2.6,"2 hours","male",2.3,"yes",2,3
"7","year 3 semester 1",3,"2 hours","male",2.3,"yes",3,4
"7","year 3 semester 2",3,"2 hours","male",2.3,"yes",3,5
"8","year 1 semester 1",2.8,"2 hours","female",3.9,"yes",1,0
"8","year 1 semester 2",2.8,"2 hours","female",3.9,"yes",1,1
"8","year 2 semester 1",3.1,"2 hours","female",3.9,"yes",2,2
"8","year 2 semester 2",3.3,"2 hours","female",3.9,"yes",2,3
"8","year 3 semester 1",3.3,"2 hours","female",3.9,"yes",3,4
"8","year 3 semester 2",3.4,"2 hours","female",3.9,"yes",3,5
"9","year 1 semester 1",2.8,"2 hours","male",2,NA,1,0
"9","year 1 semester 2",2.7,"2 hours","male",2,NA,1,1
"9","year 2 semester 1",2.7,"3 hours","male",2,NA,2,2
"9","year 2 semester 2",3.1,"2 hours","male",2,NA,2,3
"9","year 3 semester 1",3.1,"2 hours","male",2,NA,3,4
"9","year 3 semester 2",3.5,"2 hours","male",2,NA,3,5
"10","year 1 semester 1",2.8,"2 hours","male",2.8,"yes",1,0
"10","year 1 semester 2",2.8,"2 hours","male",2.8,"yes",1,1
"10","year 2 semester 1",3,"2 hours","male",2.8,"yes",2,2
"10","year 2 semester 2",2.7,"3 hours","male",2.8,"yes",2,3
"10","year 3 semester 1",3,"2 hours","male",2.8,"yes",3,4
"10","year 3 semester 2",3,"2 hours","male",2.8,"yes",3,5
"11","year 1 semester 1",2.6,"2 hours","female",3.9,NA,1,0
"11","year 1 semester 2",2.9,"3 hours","female",3.9,NA,1,1
"11","year 2 semester 1",3.2,"2 hours","female",3.9,NA,2,2
"11","year 2 semester 2",3.6,"2 hours","female",3.9,NA,2,3
"11","year 3 semester 1",3.6,"2 hours","female",3.9,NA,3,4
"11","year 3 semester 2",3.8,"2 hours","female",3.9,NA,3,5
"12","year 1 semester 1",2.6,"3 hours","female",2.9,"yes",1,0
"12","year 1 semester 2",3,"2 hours","female",2.9,"yes",1,1
"12","year 2 semester 1",2.3,"2 hours","female",2.9,"yes",2,2
"12","year 2 semester 2",2.9,"2 hours","female",2.9,"yes",2,3
"12","year 3 semester 1",3.1,"2 hours","female",2.9,"yes",3,4
"12","year 3 semester 2",3.3,"2 hours","female",2.9,"yes",3,5
"13","year 1 semester 1",2.8,"2 hours","male",3.7,NA,1,0
"13","year 1 semester 2",3.1,"2 hours","male",3.7,NA,1,1
"13","year 2 semester 1",3.5,"2 hours","male",3.7,NA,2,2
"13","year 2 semester 2",3.6,"2 hours","male",3.7,NA,2,3
"13","year 3 semester 1",3.9,"2 hours","male",3.7,NA,3,4
"13","year 3 semester 2",3.9,"2 hours","male",3.7,NA,3,5
"14","year 1 semester 1",2.4,"2 hours","female",3.5,"yes",1,0
"14","year 1 semester 2",3,"2 hours","female",3.5,"yes",1,1
"14","year 2 semester 1",2.9,"2 hours","female",3.5,"yes",2,2
"14","year 2 semester 2",3,"2 hours","female",3.5,"yes",2,3
"14","year 3 semester 1",3.3,"2 hours","female",3.5,"yes",3,4
"14","year 3 semester 2",3.4,"2 hours","female",3.5,"yes",3,5
"15","year 1 semester 1",2.2,"2 hours","male",3.6,"no",1,0
"15","year 1 semester 2",2.7,"2 hours","male",3.6,"no",1,1
"15","year 2 semester 1",2.6,"3 hours","male",3.6,"no",2,2
"15","year 2 semester 2",2.6,"3 hours","male",3.6,"no",2,3
"15","year 3 semester 1",2.8,"3 hours","male",3.6,"no",3,4
"15","year 3 semester 2",2.8,"2 hours","male",3.6,"no",3,5
"16","year 1 semester 1",2.5,"2 hours","female",2.9,"no",1,0
"16","year 1 semester 2",2.7,"2 hours","female",2.9,"no",1,1
"16","year 2 semester 1",2.8,"2 hours","female",2.9,"no",2,2
"16","year 2 semester 2",2.7,"2 hours","female",2.9,"no",2,3
"16","year 3 semester 1",2.8,"2 hours","female",2.9,"no",3,4
"16","year 3 semester 2",2.8,"2 hours","female",2.9,"no",3,5
"17","year 1 semester 1",2.6,"2 hours","male",2.4,"yes",1,0
"17","year 1 semester 2",2.2,"2 hours","male",2.4,"yes",1,1
"17","year 2 semester 1",2.6,"2 hours","male",2.4,"yes",2,2
"17","year 2 semester 2",2.5,"3 hours","male",2.4,"yes",2,3
"17","year 3 semester 1",2.6,"3 hours","male",2.4,"yes",3,4
"17","year 3 semester 2",2.8,"2 hours","male",2.4,"yes",3,5
"18","year 1 semester 1",2.4,"3 hours","male",2.5,"no",1,0
"18","year 1 semester 2",2.9,"2 hours","male",2.5,"no",1,1
"18","year 2 semester 1",2,"2 hours","male",2.5,"no",2,2
"18","year 2 semester 2",2.6,"2 hours","male",2.5,"no",2,3
"18","year 3 semester 1",2.5,"2 hours","male",2.5,"no",3,4
"18","year 3 semester 2",2.7,"3 hours","male",2.5,"no",3,5
"19","year 1 semester 1",2.5,"2 hours","female",2.3,"no",1,0
"19","year 1 semester 2",2.3,"2 hours","female",2.3,"no",1,1
"19","year 2 semester 1",3,"2 hours","female",2.3,"no",2,2
"19","year 2 semester 2",2.9,"3 hours","female",2.3,"no",2,3
"19","year 3 semester 1",2.9,"2 hours","female",2.3,"no",3,4
"19","year 3 semester 2",2.9,"3 hours","female",2.3,"no",3,5
"20","year 1 semester 1",2.8,"2 hours","male",3.4,NA,1,0
"20","year 1 semester 2",2.9,"2 hours","male",3.4,NA,1,1
"20","year 2 semester 1",3.2,"2 hours","male",3.4,NA,2,2
"20","year 2 semester 2",3.2,"2 hours","male",3.4,NA,2,3
"20","year 3 semester 1",3.4,"2 hours","male",3.4,NA,3,4
"20","year 3 semester 2",3.3,"2 hours","male",3.4,NA,3,5
"21","year 1 semester 1",2.6,"2 hours","female",2.8,"no",1,0
"21","year 1 semester 2",2.4,"2 hours","female",2.8,"no",1,1
"21","year 2 semester 1",2.5,"2 hours","female",2.8,"no",2,2
"21","year 2 semester 2",2.5,"2 hours","female",2.8,"no",2,3
"21","year 3 semester 1",2.5,"2 hours","female",2.8,"no",3,4
"21","year 3 semester 2",2.6,"2 hours","female",2.8,"no",3,5
"22","year 1 semester 1",2.8,"2 hours","male",3.6,NA,1,0
"22","year 1 semester 2",2.7,"2 hours","male",3.6,NA,1,1
"22","year 2 semester 1",3.1,"2 hours","male",3.6,NA,2,2
"22","year 2 semester 2",3.1,"2 hours","male",3.6,NA,2,3
"22","year 3 semester 1",3,"2 hours","male",3.6,NA,3,4
"22","year 3 semester 2",3.3,"1 hour","male",3.6,NA,3,5
"23","year 1 semester 1",2.8,"2 hours","male",2.4,"yes",1,0
"23","year 1 semester 2",3.2,"2 hours","male",2.4,"yes",1,1
"23","year 2 semester 1",2.8,"2 hours","male",2.4,"yes",2,2
"23","year 2 semester 2",3,"2 hours","male",2.4,"yes",2,3
"23","year 3 semester 1",2.9,"3 hours","male",2.4,"yes",3,4
"23","year 3 semester 2",3,"2 hours","male",2.4,"yes",3,5
"24","year 1 semester 1",2.7,"2 hours","female",3.9,"no",1,0
"24","year 1 semester 2",2.9,"3 hours","female",3.9,"no",1,1
"24","year 2 semester 1",3,"2 hours","female",3.9,"no",2,2
"24","year 2 semester 2",2.7,"2 hours","female",3.9,"no",2,3
"24","year 3 semester 1",2.9,"3 hours","female",3.9,"no",3,4
"24","year 3 semester 2",3,"2 hours","female",3.9,"no",3,5
"25","year 1 semester 1",3.5,"2 hours","female",3.7,NA,1,0
"25","year 1 semester 2",3.1,"2 hours","female",3.7,NA,1,1
"25","year 2 semester 1",3,"2 hours","female",3.7,NA,2,2
"25","year 2 semester 2",3.3,"2 hours","female",3.7,NA,2,3
"25","year 3 semester 1",3.4,"2 hours","female",3.7,NA,3,4
"25","year 3 semester 2",3.6,"2 hours","female",3.7,NA,3,5
"26","year 1 semester 1",2.3,"2 hours","male",3,"no",1,0
"26","year 1 semester 2",2.8,"2 hours","male",3,"no",1,1
"26","year 2 semester 1",2.1,"2 hours","male",3,"no",2,2
"26","year 2 semester 2",2.8,"2 hours","male",3,"no",2,3
"26","year 3 semester 1",2.8,"3 hours","male",3,"no",3,4
"26","year 3 semester 2",2.5,"2 hours","male",3,"no",3,5
"27","year 1 semester 1",2.2,"2 hours","male",3.3,"no",1,0
"27","year 1 semester 2",2.4,"2 hours","male",3.3,"no",1,1
"27","year 2 semester 1",2.5,"2 hours","male",3.3,"no",2,2
"27","year 2 semester 2",2.2,"3 hours","male",3.3,"no",2,3
"27","year 3 semester 1",2.8,"3 hours","male",3.3,"no",3,4
"27","year 3 semester 2",2.5,"3 hours","male",3.3,"no",3,5
"28","year 1 semester 1",2.6,"2 hours","female",3.5,"yes",1,0
"28","year 1 semester 2",3.1,"2 hours","female",3.5,"yes",1,1
"28","year 2 semester 1",2.9,"2 hours","female",3.5,"yes",2,2
"28","year 2 semester 2",3.1,"2 hours","female",3.5,"yes",2,3
"28","year 3 semester 1",3.1,"1 hour","female",3.5,"yes",3,4
"28","year 3 semester 2",3.2,"2 hours","female",3.5,"yes",3,5
"29","year 1 semester 1",2.9,"2 hours","female",3.3,NA,1,0
"29","year 1 semester 2",2.7,"2 hours","female",3.3,NA,1,1
"29","year 2 semester 1",2.9,"2 hours","female",3.3,NA,2,2
"29","year 2 semester 2",2.9,"3 hours","female",3.3,NA,2,3
"29","year 3 semester 1",3.3,"2 hours","female",3.3,NA,3,4
"29","year 3 semester 2",3.2,"2 hours","female",3.3,NA,3,5
"30","year 1 semester 1",2.9,"2 hours","female",2.4,"yes",1,0
"30","year 1 semester 2",3,"2 hours","female",2.4,"yes",1,1
"30","year 2 semester 1",3.2,"1 hour","female",2.4,"yes",2,2
"30","year 2 semester 2",3.1,"2 hours","female",2.4,"yes",2,3
"30","year 3 semester 1",3.2,"1 hour","female",2.4,"yes",3,4
"30","year 3 semester 2",3.3,"2 hours","female",2.4,"yes",3,5
"31","year 1 semester 1",2.6,"2 hours","female",2,"no",1,0
"31","year 1 semester 2",2.2,"2 hours","female",2,"no",1,1
"31","year 2 semester 1",2.1,"3 hours","female",2,"no",2,2
"31","year 2 semester 2",2.4,"3 hours","female",2,"no",2,3
"31","year 3 semester 1",2.6,"3 hours","female",2,"no",3,4
"31","year 3 semester 2",2.8,"2 hours","female",2,"no",3,5
"32","year 1 semester 1",2.8,"2 hours","female",3.5,NA,1,0
"32","year 1 semester 2",2.9,"2 hours","female",3.5,NA,1,1
"32","year 2 semester 1",3,"2 hours","female",3.5,NA,2,2
"32","year 2 semester 2",3.3,"2 hours","female",3.5,NA,2,3
"32","year 3 semester 1",3.4,"2 hours","female",3.5,NA,3,4
"32","year 3 semester 2",3.6,"2 hours","female",3.5,NA,3,5
"33","year 1 semester 1",2.3,"2 hours","female",3.2,"no",1,0
"33","year 1 semester 2",3,"2 hours","female",3.2,"no",1,1
"33","year 2 semester 1",2.4,"2 hours","female",3.2,"no",2,2
"33","year 2 semester 2",2.8,"2 hours","female",3.2,"no",2,3
"33","year 3 semester 1",2.8,"3 hours","female",3.2,"no",3,4
"33","year 3 semester 2",3,"2 hours","female",3.2,"no",3,5
"34","year 1 semester 1",2.4,"2 hours","male",3.9,"no",1,0
"34","year 1 semester 2",2.8,"2 hours","male",3.9,"no",1,1
"34","year 2 semester 1",2.6,"2 hours","male",3.9,"no",2,2
"34","year 2 semester 2",2.7,"2 hours","male",3.9,"no",2,3
"34","year 3 semester 1",2.6,"2 hours","male",3.9,"no",3,4
"34","year 3 semester 2",2.6,"2 hours","male",3.9,"no",3,5
"35","year 1 semester 1",2.5,"2 hours","male",3.5,NA,1,0
"35","year 1 semester 2",2.5,"2 hours","male",3.5,NA,1,1
"35","year 2 semester 1",2.6,"2 hours","male",3.5,NA,2,2
"35","year 2 semester 2",3.2,"2 hours","male",3.5,NA,2,3
"35","year 3 semester 1",3.4,"2 hours","male",3.5,NA,3,4
"35","year 3 semester 2",3.6,"2 hours","male",3.5,NA,3,5
"36","year 1 semester 1",2.5,"2 hours","male",2.9,NA,1,0
"36","year 1 semester 2",2.9,"2 hours","male",2.9,NA,1,1
"36","year 2 semester 1",3,"2 hours","male",2.9,NA,2,2
"36","year 2 semester 2",3.2,"2 hours","male",2.9,NA,2,3
"36","year 3 semester 1",3,"2 hours","male",2.9,NA,3,4
"36","year 3 semester 2",3.5,"1 hour","male",2.9,NA,3,5
"37","year 1 semester 1",2.2,"3 hours","male",3,NA,1,0
"37","year 1 semester 2",2.5,"2 hours","male",3,NA,1,1
"37","year 2 semester 1",3.3,"2 hours","male",3,NA,2,2
"37","year 2 semester 2",3.1,"2 hours","male",3,NA,2,3
"37","year 3 semester 1",3.3,"2 hours","male",3,NA,3,4
"37","year 3 semester 2",3.4,"2 hours","male",3,NA,3,5
"38","year 1 semester 1",2.9,"2 hours","female",2.9,NA,1,0
"38","year 1 semester 2",3.2,"2 hours","female",2.9,NA,1,1
"38","year 2 semester 1",3.2,"2 hours","female",2.9,NA,2,2
"38","year 2 semester 2",3.4,"2 hours","female",2.9,NA,2,3
"38","year 3 semester 1",3.6,"2 hours","female",2.9,NA,3,4
"38","year 3 semester 2",3.8,"2 hours","female",2.9,NA,3,5
"39","year 1 semester 1",2.4,"2 hours","male",3.5,"no",1,0
"39","year 1 semester 2",2.3,"2 hours","male",3.5,"no",1,1
"39","year 2 semester 1",3,"2 hours","male",3.5,"no",2,2
"39","year 2 semester 2",3.1,"2 hours","male",3.5,"no",2,3
"39","year 3 semester 1",3.1,"2 hours","male",3.5,"no",3,4
"39","year 3 semester 2",2.9,"3 hours","male",3.5,"no",3,5
"40","year 1 semester 1",2.5,"2 hours","female",3.1,NA,1,0
"40","year 1 semester 2",2.9,"2 hours","female",3.1,NA,1,1
"40","year 2 semester 1",3.2,"2 hours","female",3.1,NA,2,2
"40","year 2 semester 2",3.6,"2 hours","female",3.1,NA,2,3
"40","year 3 semester 1",3.3,"2 hours","female",3.1,NA,3,4
"40","year 3 semester 2",3.6,"2 hours","female",3.1,NA,3,5
"41","year 1 semester 1",2.9,"2 hours","female",3.3,NA,1,0
"41","year 1 semester 2",3.5,"2 hours","female",3.3,NA,1,1
"41","year 2 semester 1",3.2,"1 hour","female",3.3,NA,2,2
"41","year 2 semester 2",3.5,"2 hours","female",3.3,NA,2,3
"41","year 3 semester 1",3.8,"1 hour","female",3.3,NA,3,4
"41","year 3 semester 2",3.9,"1 hour","female",3.3,NA,3,5
"42","year 1 semester 1",2.5,"2 hours","male",3.9,"no",1,0
"42","year 1 semester 2",2.5,"2 hours","male",3.9,"no",1,1
"42","year 2 semester 1",3.4,"1 hour","male",3.9,"no",2,2
"42","year 2 semester 2",2.6,"2 hours","male",3.9,"no",2,3
"42","year 3 semester 1",2.8,"2 hours","male",3.9,"no",3,4
"42","year 3 semester 2",3,"2 hours","male",3.9,"no",3,5
"43","year 1 semester 1",2,"2 hours","female",2.3,"yes",1,0
"43","year 1 semester 2",2.5,"2 hours","female",2.3,"yes",1,1
"43","year 2 semester 1",3.1,"2 hours","female",2.3,"yes",2,2
"43","year 2 semester 2",3.3,"2 hours","female",2.3,"yes",2,3
"43","year 3 semester 1",3.2,"2 hours","female",2.3,"yes",3,4
"43","year 3 semester 2",3.6,"2 hours","female",2.3,"yes",3,5
"44","year 1 semester 1",3.1,"2 hours","female",3.5,NA,1,0
"44","year 1 semester 2",3,"2 hours","female",3.5,NA,1,1
"44","year 2 semester 1",3.1,"2 hours","female",3.5,NA,2,2
"44","year 2 semester 2",2.9,"2 hours","female",3.5,NA,2,3
"44","year 3 semester 1",3.1,"2 hours","female",3.5,NA,3,4
"44","year 3 semester 2",3.2,"2 hours","female",3.5,NA,3,5
"45","year 1 semester 1",2.7,"2 hours","female",2.4,"no",1,0
"45","year 1 semester 2",3.1,"2 hours","female",2.4,"no",1,1
"45","year 2 semester 1",3,"2 hours","female",2.4,"no",2,2
"45","year 2 semester 2",3.3,"2 hours","female",2.4,"no",2,3
"45","year 3 semester 1",3.1,"2 hours","female",2.4,"no",3,4
"45","year 3 semester 2",3.2,"2 hours","female",2.4,"no",3,5
"46","year 1 semester 1",2.9,"2 hours","male",2.1,"no",1,0
"46","year 1 semester 2",2.2,"2 hours","male",2.1,"no",1,1
"46","year 2 semester 1",2.7,"2 hours","male",2.1,"no",2,2
"46","year 2 semester 2",2.4,"3 hours","male",2.1,"no",2,3
"46","year 3 semester 1",2.6,"2 hours","male",2.1,"no",3,4
"46","year 3 semester 2",2.4,"2 hours","male",2.1,"no",3,5
"47","year 1 semester 1",2.6,"2 hours","female",2.8,"yes",1,0
"47","year 1 semester 2",2.5,"2 hours","female",2.8,"yes",1,1
"47","year 2 semester 1",2.8,"2 hours","female",2.8,"yes",2,2
"47","year 2 semester 2",2.2,"2 hours","female",2.8,"yes",2,3
"47","year 3 semester 1",2.8,"3 hours","female",2.8,"yes",3,4
"47","year 3 semester 2",2.7,"3 hours","female",2.8,"yes",3,5
"48","year 1 semester 1",2.9,"2 hours","female",2.6,"no",1,0
"48","year 1 semester 2",2.5,"2 hours","female",2.6,"no",1,1
"48","year 2 semester 1",2.7,"3 hours","female",2.6,"no",2,2
"48","year 2 semester 2",2.9,"2 hours","female",2.6,"no",2,3
"48","year 3 semester 1",3,"2 hours","female",2.6,"no",3,4
"48","year 3 semester 2",3.2,"2 hours","female",2.6,"no",3,5
"49","year 1 semester 1",3.1,"2 hours","male",2.8,"yes",1,0
"49","year 1 semester 2",2.7,"3 hours","male",2.8,"yes",1,1
"49","year 2 semester 1",3,"2 hours","male",2.8,"yes",2,2
"49","year 2 semester 2",2.7,"2 hours","male",2.8,"yes",2,3
"49","year 3 semester 1",3,"2 hours","male",2.8,"yes",3,4
"49","year 3 semester 2",3.4,"2 hours","male",2.8,"yes",3,5
"50","year 1 semester 1",2.4,"2 hours","male",3.8,"yes",1,0
"50","year 1 semester 2",2.7,"2 hours","male",3.8,"yes",1,1
"50","year 2 semester 1",2.4,"2 hours","male",3.8,"yes",2,2
"50","year 2 semester 2",3.2,"2 hours","male",3.8,"yes",2,3
"50","year 3 semester 1",3,"2 hours","male",3.8,"yes",3,4
"50","year 3 semester 2",3,"2 hours","male",3.8,"yes",3,5
"51","year 1 semester 1",1.7,"3 hours","male",2.1,"no",1,0
"51","year 1 semester 2",2.5,"2 hours","male",2.1,"no",1,1
"51","year 2 semester 1",3.3,"2 hours","male",2.1,"no",2,2
"51","year 2 semester 2",3.2,"2 hours","male",2.1,"no",2,3
"51","year 3 semester 1",3,"2 hours","male",2.1,"no",3,4
"51","year 3 semester 2",3.3,"1 hour","male",2.1,"no",3,5
"52","year 1 semester 1",2.5,"2 hours","female",3.5,NA,1,0
"52","year 1 semester 2",2.9,"2 hours","female",3.5,NA,1,1
"52","year 2 semester 1",3,"2 hours","female",3.5,NA,2,2
"52","year 2 semester 2",3.3,"2 hours","female",3.5,NA,2,3
"52","year 3 semester 1",3.3,"2 hours","female",3.5,NA,3,4
"52","year 3 semester 2",3.3,"2 hours","female",3.5,NA,3,5
"53","year 1 semester 1",2.8,"2 hours","male",2.3,"yes",1,0
"53","year 1 semester 2",3.4,"2 hours","male",2.3,"yes",1,1
"53","year 2 semester 1",2.7,"2 hours","male",2.3,"yes",2,2
"53","year 2 semester 2",3,"1 hour","male",2.3,"yes",2,3
"53","year 3 semester 1",2.8,"2 hours","male",2.3,"yes",3,4
"53","year 3 semester 2",3,"1 hour","male",2.3,"yes",3,5
"54","year 1 semester 1",2.8,"2 hours","female",2.2,NA,1,0
"54","year 1 semester 2",2.5,"2 hours","female",2.2,NA,1,1
"54","year 2 semester 1",3.3,"2 hours","female",2.2,NA,2,2
"54","year 2 semester 2",3.3,"2 hours","female",2.2,NA,2,3
"54","year 3 semester 1",3.2,"2 hours","female",2.2,NA,3,4
"54","year 3 semester 2",3.4,"2 hours","female",2.2,NA,3,5
"55","year 1 semester 1",2.4,"2 hours","male",3.3,"yes",1,0
"55","year 1 semester 2",2.8,"2 hours","male",3.3,"yes",1,1
"55","year 2 semester 1",3.2,"2 hours","male",3.3,"yes",2,2
"55","year 2 semester 2",3.2,"2 hours","male",3.3,"yes",2,3
"55","year 3 semester 1",3.1,"2 hours","male",3.3,"yes",3,4
"55","year 3 semester 2",3.5,"2 hours","male",3.3,"yes",3,5
"56","year 1 semester 1",2.2,"2 hours","male",2.1,"yes",1,0
"56","year 1 semester 2",2,"2 hours","male",2.1,"yes",1,1
"56","year 2 semester 1",2.6,"2 hours","male",2.1,"yes",2,2
"56","year 2 semester 2",2.6,"3 hours","male",2.1,"yes",2,3
"56","year 3 semester 1",2.9,"2 hours","male",2.1,"yes",3,4
"56","year 3 semester 2",3.1,"2 hours","male",2.1,"yes",3,5
"57","year 1 semester 1",2.5,"2 hours","male",3.5,"yes",1,0
"57","year 1 semester 2",2.9,"2 hours","male",3.5,"yes",1,1
"57","year 2 semester 1",2.8,"3 hours","male",3.5,"yes",2,2
"57","year 2 semester 2",2.8,"2 hours","male",3.5,"yes",2,3
"57","year 3 semester 1",3.4,"2 hours","male",3.5,"yes",3,4
"57","year 3 semester 2",3.3,"2 hours","male",3.5,"yes",3,5
"58","year 1 semester 1",2.5,"2 hours","female",2.5,"no",1,0
"58","year 1 semester 2",2.2,"2 hours","female",2.5,"no",1,1
"58","year 2 semester 1",2.4,"3 hours","female",2.5,"no",2,2
"58","year 2 semester 2",2.8,"3 hours","female",2.5,"no",2,3
"58","year 3 semester 1",2.9,"2 hours","female",2.5,"no",3,4
"58","year 3 semester 2",3.1,"2 hours","female",2.5,"no",3,5
"59","year 1 semester 1",2.8,"2 hours","male",2.5,"yes",1,0
"59","year 1 semester 2",2.8,"2 hours","male",2.5,"yes",1,1
"59","year 2 semester 1",2.6,"3 hours","male",2.5,"yes",2,2
"59","year 2 semester 2",3.1,"2 hours","male",2.5,"yes",2,3
"59","year 3 semester 1",3,"2 hours","male",2.5,"yes",3,4
"59","year 3 semester 2",3.3,"1 hour","male",2.5,"yes",3,5
"60","year 1 semester 1",2,"2 hours","male",2.3,"no",1,0
"60","year 1 semester 2",2.7,"3 hours","male",2.3,"no",1,1
"60","year 2 semester 1",2.6,"2 hours","male",2.3,"no",2,2
"60","year 2 semester 2",2.8,"2 hours","male",2.3,"no",2,3
"60","year 3 semester 1",3.1,"2 hours","male",2.3,"no",3,4
"60","year 3 semester 2",2.9,"2 hours","male",2.3,"no",3,5
"61","year 1 semester 1",2.4,"3 hours","male",2.5,NA,1,0
"61","year 1 semester 2",3.1,"2 hours","male",2.5,NA,1,1
"61","year 2 semester 1",3.2,"2 hours","male",2.5,NA,2,2
"61","year 2 semester 2",3.3,"1 hour","male",2.5,NA,2,3
"61","year 3 semester 1",3.5,"1 hour","male",2.5,NA,3,4
"61","year 3 semester 2",3.5,"1 hour","male",2.5,NA,3,5
"62","year 1 semester 1",2.4,"2 hours","male",3,NA,1,0
"62","year 1 semester 2",2.2,"2 hours","male",3,NA,1,1
"62","year 2 semester 1",2.5,"2 hours","male",3,NA,2,2
"62","year 2 semester 2",3,"2 hours","male",3,NA,2,3
"62","year 3 semester 1",2.9,"2 hours","male",3,NA,3,4
"62","year 3 semester 2",3.4,"1 hour","male",3,NA,3,5
"63","year 1 semester 1",2.6,"2 hours","female",3.8,NA,1,0
"63","year 1 semester 2",3.1,"2 hours","female",3.8,NA,1,1
"63","year 2 semester 1",3.1,"2 hours","female",3.8,NA,2,2
"63","year 2 semester 2",3.5,"2 hours","female",3.8,NA,2,3
"63","year 3 semester 1",3.4,"2 hours","female",3.8,NA,3,4
"63","year 3 semester 2",3.4,"1 hour","female",3.8,NA,3,5
"64","year 1 semester 1",2.4,"2 hours","female",2.2,"yes",1,0
"64","year 1 semester 2",2.9,"2 hours","female",2.2,"yes",1,1
"64","year 2 semester 1",2.7,"2 hours","female",2.2,"yes",2,2
"64","year 2 semester 2",3.3,"2 hours","female",2.2,"yes",2,3
"64","year 3 semester 1",3.2,"2 hours","female",2.2,"yes",3,4
"64","year 3 semester 2",3.4,"2 hours","female",2.2,"yes",3,5
"65","year 1 semester 1",1.9,"3 hours","male",3.6,"no",1,0
"65","year 1 semester 2",2.9,"2 hours","male",3.6,"no",1,1
"65","year 2 semester 1",2.4,"2 hours","male",3.6,"no",2,2
"65","year 2 semester 2",2.8,"2 hours","male",3.6,"no",2,3
"65","year 3 semester 1",2.8,"2 hours","male",3.6,"no",3,4
"65","year 3 semester 2",2.7,"2 hours","male",3.6,"no",3,5
"66","year 1 semester 1",2.3,"3 hours","female",3.8,NA,1,0
"66","year 1 semester 2",2.7,"2 hours","female",3.8,NA,1,1
"66","year 2 semester 1",3.2,"2 hours","female",3.8,NA,2,2
"66","year 2 semester 2",3.3,"2 hours","female",3.8,NA,2,3
"66","year 3 semester 1",3.4,"2 hours","female",3.8,NA,3,4
"66","year 3 semester 2",3.7,"2 hours","female",3.8,NA,3,5
"67","year 1 semester 1",2.6,"2 hours","female",3.3,"no",1,0
"67","year 1 semester 2",3,"2 hours","female",3.3,"no",1,1
"67","year 2 semester 1",2.5,"2 hours","female",3.3,"no",2,2
"67","year 2 semester 2",2.4,"2 hours","female",3.3,"no",2,3
"67","year 3 semester 1",2.6,"2 hours","female",3.3,"no",3,4
"67","year 3 semester 2",2.6,"2 hours","female",3.3,"no",3,5
"68","year 1 semester 1",2.3,"3 hours","male",2.9,"yes",1,0
"68","year 1 semester 2",2.1,"2 hours","male",2.9,"yes",1,1
"68","year 2 semester 1",2.3,"3 hours","male",2.9,"yes",2,2
"68","year 2 semester 2",2.8,"2 hours","male",2.9,"yes",2,3
"68","year 3 semester 1",2.7,"3 hours","male",2.9,"yes",3,4
"68","year 3 semester 2",3.1,"2 hours","male",2.9,"yes",3,5
"69","year 1 semester 1",2.3,"2 hours","male",2.5,"no",1,0
"69","year 1 semester 2",2.3,"2 hours","male",2.5,"no",1,1
"69","year 2 semester 1",2.5,"3 hours","male",2.5,"no",2,2
"69","year 2 semester 2",2.7,"2 hours","male",2.5,"no",2,3
"69","year 3 semester 1",2.7,"3 hours","male",2.5,"no",3,4
"69","year 3 semester 2",2.8,"2 hours","male",2.5,"no",3,5
"70","year 1 semester 1",2.7,"2 hours","male",3.7,"yes",1,0
"70","year 1 semester 2",2.4,"3 hours","male",3.7,"yes",1,1
"70","year 2 semester 1",3,"2 hours","male",3.7,"yes",2,2
"70","year 2 semester 2",3.2,"2 hours","male",3.7,"yes",2,3
"70","year 3 semester 1",2.9,"2 hours","male",3.7,"yes",3,4
"70","year 3 semester 2",3.1,"1 hour","male",3.7,"yes",3,5
"71","year 1 semester 1",2.9,"2 hours","female",3.4,"yes",1,0
"71","year 1 semester 2",2.8,"2 hours","female",3.4,"yes",1,1
"71","year 2 semester 1",3,"2 hours","female",3.4,"yes",2,2
"71","year 2 semester 2",2.8,"2 hours","female",3.4,"yes",2,3
"71","year 3 semester 1",2.9,"2 hours","female",3.4,"yes",3,4
"71","year 3 semester 2",2.8,"2 hours","female",3.4,"yes",3,5
"72","year 1 semester 1",3,"2 hours","female",2.9,"yes",1,0
"72","year 1 semester 2",3.1,"2 hours","female",2.9,"yes",1,1
"72","year 2 semester 1",3.5,"2 hours","female",2.9,"yes",2,2
"72","year 2 semester 2",3.2,"2 hours","female",2.9,"yes",2,3
"72","year 3 semester 1",3.7,"2 hours","female",2.9,"yes",3,4
"72","year 3 semester 2",3.7,"2 hours","female",2.9,"yes",3,5
"73","year 1 semester 1",2.6,"2 hours","male",4,"no",1,0
"73","year 1 semester 2",2.5,"2 hours","male",4,"no",1,1
"73","year 2 semester 1",2.6,"2 hours","male",4,"no",2,2
"73","year 2 semester 2",2.8,"2 hours","male",4,"no",2,3
"73","year 3 semester 1",2.6,"2 hours","male",4,"no",3,4
"73","year 3 semester 2",2.6,"2 hours","male",4,"no",3,5
"74","year 1 semester 1",3.5,"2 hours","male",3.4,NA,1,0
"74","year 1 semester 2",2.9,"3 hours","male",3.4,NA,1,1
"74","year 2 semester 1",2.8,"3 hours","male",3.4,NA,2,2
"74","year 2 semester 2",3.1,"2 hours","male",3.4,NA,2,3
"74","year 3 semester 1",3.1,"2 hours","male",3.4,NA,3,4
"74","year 3 semester 2",3.3,"2 hours","male",3.4,NA,3,5
"75","year 1 semester 1",2.5,"2 hours","female",2,"no",1,0
"75","year 1 semester 2",2.5,"2 hours","female",2,"no",1,1
"75","year 2 semester 1",3.2,"2 hours","female",2,"no",2,2
"75","year 2 semester 2",3,"2 hours","female",2,"no",2,3
"75","year 3 semester 1",3.2,"2 hours","female",2,"no",3,4
"75","year 3 semester 2",3,"2 hours","female",2,"no",3,5
"76","year 1 semester 1",2.4,"2 hours","male",2.9,NA,1,0
"76","year 1 semester 2",2.9,"2 hours","male",2.9,NA,1,1
"76","year 2 semester 1",2.8,"2 hours","male",2.9,NA,2,2
"76","year 2 semester 2",3.4,"1 hour","male",2.9,NA,2,3
"76","year 3 semester 1",3.3,"1 hour","male",2.9,NA,3,4
"76","year 3 semester 2",3.5,"1 hour","male",2.9,NA,3,5
"77","year 1 semester 1",2.4,"2 hours","female",2.8,NA,1,0
"77","year 1 semester 2",3.1,"2 hours","female",2.8,NA,1,1
"77","year 2 semester 1",3.2,"2 hours","female",2.8,NA,2,2
"77","year 2 semester 2",3.8,"2 hours","female",2.8,NA,2,3
"77","year 3 semester 1",4,"1 hour","female",2.8,NA,3,4
"77","year 3 semester 2",4,"1 hour","female",2.8,NA,3,5
"78","year 1 semester 1",2.4,"3 hours","male",2.9,"no",1,0
"78","year 1 semester 2",2.5,"2 hours","male",2.9,"no",1,1
"78","year 2 semester 1",2.1,"2 hours","male",2.9,"no",2,2
"78","year 2 semester 2",2.5,"2 hours","male",2.9,"no",2,3
"78","year 3 semester 1",2.3,"2 hours","male",2.9,"no",3,4
"78","year 3 semester 2",2.8,"2 hours","male",2.9,"no",3,5
"79","year 1 semester 1",2.3,"2 hours","female",2.6,"no",1,0
"79","year 1 semester 2",1.8,"3 hours","female",2.6,"no",1,1
"79","year 2 semester 1",2.2,"3 hours","female",2.6,"no",2,2
"79","year 2 semester 2",2.3,"3 hours","female",2.6,"no",2,3
"79","year 3 semester 1",2.5,"2 hours","female",2.6,"no",3,4
"79","year 3 semester 2",2.8,"2 hours","female",2.6,"no",3,5
"80","year 1 semester 1",3.1,"2 hours","female",3.7,NA,1,0
"80","year 1 semester 2",2.8,"3 hours","female",3.7,NA,1,1
"80","year 2 semester 1",3,"2 hours","female",3.7,NA,2,2
"80","year 2 semester 2",3.1,"2 hours","female",3.7,NA,2,3
"80","year 3 semester 1",3.4,"2 hours","female",3.7,NA,3,4
"80","year 3 semester 2",3.2,"2 hours","female",3.7,NA,3,5
"81","year 1 semester 1",2.3,"2 hours","female",2.2,NA,1,0
"81","year 1 semester 2",2.4,"3 hours","female",2.2,NA,1,1
"81","year 2 semester 1",2.8,"2 hours","female",2.2,NA,2,2
"81","year 2 semester 2",3.1,"2 hours","female",2.2,NA,2,3
"81","year 3 semester 1",3.3,"2 hours","female",2.2,NA,3,4
"81","year 3 semester 2",3.6,"2 hours","female",2.2,NA,3,5
"82","year 1 semester 1",3.3,"2 hours","female",3.6,NA,1,0
"82","year 1 semester 2",3.2,"2 hours","female",3.6,NA,1,1
"82","year 2 semester 1",2.7,"2 hours","female",3.6,NA,2,2
"82","year 2 semester 2",3.2,"2 hours","female",3.6,NA,2,3
"82","year 3 semester 1",3.3,"2 hours","female",3.6,NA,3,4
"82","year 3 semester 2",3.6,"2 hours","female",3.6,NA,3,5
"83","year 1 semester 1",2.5,"2 hours","female",2.3,NA,1,0
"83","year 1 semester 2",3.1,"2 hours","female",2.3,NA,1,1
"83","year 2 semester 1",3.2,"1 hour","female",2.3,NA,2,2
"83","year 2 semester 2",3.3,"2 hours","female",2.3,NA,2,3
"83","year 3 semester 1",3.4,"2 hours","female",2.3,NA,3,4
"83","year 3 semester 2",3.4,"1 hour","female",2.3,NA,3,5
"84","year 1 semester 1",2.3,"2 hours","male",3.7,"no",1,0
"84","year 1 semester 2",2.1,"3 hours","male",3.7,"no",1,1
"84","year 2 semester 1",2.4,"3 hours","male",3.7,"no",2,2
"84","year 2 semester 2",2.1,"2 hours","male",3.7,"no",2,3
"84","year 3 semester 1",2.2,"3 hours","male",3.7,"no",3,4
"84","year 3 semester 2",2.4,"3 hours","male",3.7,"no",3,5
"85","year 1 semester 1",2.4,"3 hours","female",2.8,"no",1,0
"85","year 1 semester 2",2.8,"2 hours","female",2.8,"no",1,1
"85","year 2 semester 1",3.1,"2 hours","female",2.8,"no",2,2
"85","year 2 semester 2",3.3,"2 hours","female",2.8,"no",2,3
"85","year 3 semester 1",3.1,"2 hours","female",2.8,"no",3,4
"85","year 3 semester 2",3.3,"2 hours","female",2.8,"no",3,5
"86","year 1 semester 1",2.7,"2 hours","male",2.5,"yes",1,0
"86","year 1 semester 2",2.5,"2 hours","male",2.5,"yes",1,1
"86","year 2 semester 1",3,"2 hours","male",2.5,"yes",2,2
"86","year 2 semester 2",2.5,"2 hours","male",2.5,"yes",2,3
"86","year 3 semester 1",2.6,"2 hours","male",2.5,"yes",3,4
"86","year 3 semester 2",2.6,"2 hours","male",2.5,"yes",3,5
"87","year 1 semester 1",2.3,"2 hours","female",2.1,"yes",1,0
"87","year 1 semester 2",2.7,"2 hours","female",2.1,"yes",1,1
"87","year 2 semester 1",2.7,"2 hours","female",2.1,"yes",2,2
"87","year 2 semester 2",3.2,"2 hours","female",2.1,"yes",2,3
"87","year 3 semester 1",3.1,"2 hours","female",2.1,"yes",3,4
"87","year 3 semester 2",3.2,"2 hours","female",2.1,"yes",3,5
"88","year 1 semester 1",2.7,"2 hours","male",2.2,"yes",1,0
"88","year 1 semester 2",2.8,"2 hours","male",2.2,"yes",1,1
"88","year 2 semester 1",2.5,"3 hours","male",2.2,"yes",2,2
"88","year 2 semester 2",2.7,"2 hours","male",2.2,"yes",2,3
"88","year 3 semester 1",3.1,"2 hours","male",2.2,"yes",3,4
"88","year 3 semester 2",3,"2 hours","male",2.2,"yes",3,5
"89","year 1 semester 1",2.6,"2 hours","male",3.7,NA,1,0
"89","year 1 semester 2",2.8,"2 hours","male",3.7,NA,1,1
"89","year 2 semester 1",3.2,"2 hours","male",3.7,NA,2,2
"89","year 2 semester 2",3,"2 hours","male",3.7,NA,2,3
"89","year 3 semester 1",3.1,"2 hours","male",3.7,NA,3,4
"89","year 3 semester 2",3.5,"2 hours","male",3.7,NA,3,5
"90","year 1 semester 1",2.4,"2 hours","female",2.6,"no",1,0
"90","year 1 semester 2",2.5,"2 hours","female",2.6,"no",1,1
"90","year 2 semester 1",2.7,"2 hours","female",2.6,"no",2,2
"90","year 2 semester 2",3,"2 hours","female",2.6,"no",2,3
"90","year 3 semester 1",3,"2 hours","female",2.6,"no",3,4
"90","year 3 semester 2",3.2,"2 hours","female",2.6,"no",3,5
"91","year 1 semester 1",2,"2 hours","male",3.6,"no",1,0
"91","year 1 semester 2",2.5,"2 hours","male",3.6,"no",1,1
"91","year 2 semester 1",2.3,"2 hours","male",3.6,"no",2,2
"91","year 2 semester 2",2.5,"2 hours","male",3.6,"no",2,3
"91","year 3 semester 1",2.8,"2 hours","male",3.6,"no",3,4
"91","year 3 semester 2",2.9,"3 hours","male",3.6,"no",3,5
"92","year 1 semester 1",2.7,"2 hours","female",2.7,NA,1,0
"92","year 1 semester 2",3.2,"2 hours","female",2.7,NA,1,1
"92","year 2 semester 1",3.8,"2 hours","female",2.7,NA,2,2
"92","year 2 semester 2",4,"1 hour","female",2.7,NA,2,3
"92","year 3 semester 1",4,"1 hour","female",2.7,NA,3,4
"92","year 3 semester 2",4,"1 hour","female",2.7,NA,3,5
"93","year 1 semester 1",2.9,"2 hours","male",3.5,NA,1,0
"93","year 1 semester 2",3.5,"2 hours","male",3.5,NA,1,1
"93","year 2 semester 1",3.2,"2 hours","male",3.5,NA,2,2
"93","year 2 semester 2",3.3,"2 hours","male",3.5,NA,2,3
"93","year 3 semester 1",3.4,"2 hours","male",3.5,NA,3,4
"93","year 3 semester 2",3.4,"2 hours","male",3.5,NA,3,5
"94","year 1 semester 1",2.7,"2 hours","female",3.7,"yes",1,0
"94","year 1 semester 2",2.9,"3 hours","female",3.7,"yes",1,1
"94","year 2 semester 1",3,"2 hours","female",3.7,"yes",2,2
"94","year 2 semester 2",2.7,"3 hours","female",3.7,"yes",2,3
"94","year 3 semester 1",2.7,"2 hours","female",3.7,"yes",3,4
"94","year 3 semester 2",2.8,"2 hours","female",3.7,"yes",3,5
"95","year 1 semester 1",2.5,"2 hours","female",3.4,"no",1,0
"95","year 1 semester 2",2.5,"2 hours","female",3.4,"no",1,1
"95","year 2 semester 1",2.9,"2 hours","female",3.4,"no",2,2
"95","year 2 semester 2",2.8,"2 hours","female",3.4,"no",2,3
"95","year 3 semester 1",2.7,"2 hours","female",3.4,"no",3,4
"95","year 3 semester 2",2.9,"2 hours","female",3.4,"no",3,5
"96","year 1 semester 1",2.4,"2 hours","female",2.3,NA,1,0
"96","year 1 semester 2",2.5,"2 hours","female",2.3,NA,1,1
"96","year 2 semester 1",2.8,"3 hours","female",2.3,NA,2,2
"96","year 2 semester 2",3.3,"2 hours","female",2.3,NA,2,3
"96","year 3 semester 1",3.4,"2 hours","female",2.3,NA,3,4
"96","year 3 semester 2",3.8,"2 hours","female",2.3,NA,3,5
"97","year 1 semester 1",2.3,"3 hours","male",2.6,"no",1,0
"97","year 1 semester 2",2.5,"3 hours","male",2.6,"no",1,1
"97","year 2 semester 1",3,"2 hours","male",2.6,"no",2,2
"97","year 2 semester 2",3.2,"2 hours","male",2.6,"no",2,3
"97","year 3 semester 1",2.9,"2 hours","male",2.6,"no",3,4
"97","year 3 semester 2",2.9,"2 hours","male",2.6,"no",3,5
"98","year 1 semester 1",3.3,"2 hours","female",3.4,NA,1,0
"98","year 1 semester 2",2.4,"2 hours","female",3.4,NA,1,1
"98","year 2 semester 1",3.2,"2 hours","female",3.4,NA,2,2
"98","year 2 semester 2",3.2,"2 hours","female",3.4,NA,2,3
"98","year 3 semester 1",3.1,"2 hours","female",3.4,NA,3,4
"98","year 3 semester 2",3.3,"2 hours","female",3.4,NA,3,5
"99","year 1 semester 1",2.2,"2 hours","female",2.9,"yes",1,0
"99","year 1 semester 2",2.7,"2 hours","female",2.9,"yes",1,1
"99","year 2 semester 1",2.7,"3 hours","female",2.9,"yes",2,2
"99","year 2 semester 2",2.8,"3 hours","female",2.9,"yes",2,3
"99","year 3 semester 1",2.8,"3 hours","female",2.9,"yes",3,4
"99","year 3 semester 2",2.8,"2 hours","female",2.9,"yes",3,5
"100","year 1 semester 1",2.7,"3 hours","male",2.8,"no",1,0
"100","year 1 semester 2",2,"2 hours","male",2.8,"no",1,1
"100","year 2 semester 1",2,"3 hours","male",2.8,"no",2,2
"100","year 2 semester 2",2.3,"3 hours","male",2.8,"no",2,3
"100","year 3 semester 1",2.4,"3 hours","male",2.8,"no",3,4
"100","year 3 semester 2",2.7,"3 hours","male",2.8,"no",3,5
"101","year 1 semester 1",2.8,"2 hours","female",3.4,NA,1,0
"101","year 1 semester 2",2.7,"2 hours","female",3.4,NA,1,1
"101","year 2 semester 1",3.1,"2 hours","female",3.4,NA,2,2
"101","year 2 semester 2",3.6,"2 hours","female",3.4,NA,2,3
"101","year 3 semester 1",3.6,"2 hours","female",3.4,NA,3,4
"101","year 3 semester 2",3.7,"1 hour","female",3.4,NA,3,5
"102","year 1 semester 1",3.1,"2 hours","male",3.5,"yes",1,0
"102","year 1 semester 2",2.9,"2 hours","male",3.5,"yes",1,1
"102","year 2 semester 1",2.7,"2 hours","male",3.5,"yes",2,2
"102","year 2 semester 2",2.6,"3 hours","male",3.5,"yes",2,3
"102","year 3 semester 1",2.9,"2 hours","male",3.5,"yes",3,4
"102","year 3 semester 2",2.7,"2 hours","male",3.5,"yes",3,5
"103","year 1 semester 1",2.2,"2 hours","female",2.3,"yes",1,0
"103","year 1 semester 2",2.4,"2 hours","female",2.3,"yes",1,1
"103","year 2 semester 1",2.8,"3 hours","female",2.3,"yes",2,2
"103","year 2 semester 2",2.8,"2 hours","female",2.3,"yes",2,3
"103","year 3 semester 1",3.1,"2 hours","female",2.3,"yes",3,4
"103","year 3 semester 2",2.9,"3 hours","female",2.3,"yes",3,5
"104","year 1 semester 1",2.3,"2 hours","female",3.5,"yes",1,0
"104","year 1 semester 2",2.8,"2 hours","female",3.5,"yes",1,1
"104","year 2 semester 1",2.9,"2 hours","female",3.5,"yes",2,2
"104","year 2 semester 2",3,"2 hours","female",3.5,"yes",2,3
"104","year 3 semester 1",3.4,"2 hours","female",3.5,"yes",3,4
"104","year 3 semester 2",3.4,"2 hours","female",3.5,"yes",3,5
"105","year 1 semester 1",3.4,"2 hours","female",3.6,NA,1,0
"105","year 1 semester 2",3.9,"2 hours","female",3.6,NA,1,1
"105","year 2 semester 1",3.9,"2 hours","female",3.6,NA,2,2
"105","year 2 semester 2",3.5,"2 hours","female",3.6,NA,2,3
"105","year 3 semester 1",3.9,"2 hours","female",3.6,NA,3,4
"105","year 3 semester 2",3.9,"2 hours","female",3.6,NA,3,5
"106","year 1 semester 1",1.8,"3 hours","male",2.6,"no",1,0
"106","year 1 semester 2",2.8,"2 hours","male",2.6,"no",1,1
"106","year 2 semester 1",2.6,"2 hours","male",2.6,"no",2,2
"106","year 2 semester 2",2.3,"2 hours","male",2.6,"no",2,3
"106","year 3 semester 1",2.5,"2 hours","male",2.6,"no",3,4
"106","year 3 semester 2",2.7,"2 hours","male",2.6,"no",3,5
"107","year 1 semester 1",2.4,"2 hours","male",3.2,"no",1,0
"107","year 1 semester 2",2.5,"2 hours","male",3.2,"no",1,1
"107","year 2 semester 1",2.3,"2 hours","male",3.2,"no",2,2
"107","year 2 semester 2",2.3,"2 hours","male",3.2,"no",2,3
"107","year 3 semester 1",2.6,"2 hours","male",3.2,"no",3,4
"107","year 3 semester 2",2.7,"2 hours","male",3.2,"no",3,5
"108","year 1 semester 1",2.7,"2 hours","male",2.3,"no",1,0
"108","year 1 semester 2",2,"2 hours","male",2.3,"no",1,1
"108","year 2 semester 1",2,"3 hours","male",2.3,"no",2,2
"108","year 2 semester 2",2.6,"2 hours","male",2.3,"no",2,3
"108","year 3 semester 1",2.5,"2 hours","male",2.3,"no",3,4
"108","year 3 semester 2",2.7,"2 hours","male",2.3,"no",3,5
"109","year 1 semester 1",2.7,"2 hours","male",3.2,"yes",1,0
"109","year 1 semester 2",2.7,"2 hours","male",3.2,"yes",1,1
"109","year 2 semester 1",2.7,"2 hours","male",3.2,"yes",2,2
"109","year 2 semester 2",3.1,"2 hours","male",3.2,"yes",2,3
"109","year 3 semester 1",2.8,"2 hours","male",3.2,"yes",3,4
"109","year 3 semester 2",2.7,"2 hours","male",3.2,"yes",3,5
"110","year 1 semester 1",2.5,"2 hours","male",2.4,"no",1,0
"110","year 1 semester 2",2.3,"2 hours","male",2.4,"no",1,1
"110","year 2 semester 1",2.2,"2 hours","male",2.4,"no",2,2
"110","year 2 semester 2",2.2,"3 hours","male",2.4,"no",2,3
"110","year 3 semester 1",2.2,"2 hours","male",2.4,"no",3,4
"110","year 3 semester 2",2.3,"2 hours","male",2.4,"no",3,5
"111","year 1 semester 1",2.4,"2 hours","female",2.2,"no",1,0
"111","year 1 semester 2",2.5,"2 hours","female",2.2,"no",1,1
"111","year 2 semester 1",2.2,"2 hours","female",2.2,"no",2,2
"111","year 2 semester 2",2.4,"2 hours","female",2.2,"no",2,3
"111","year 3 semester 1",2.2,"3 hours","female",2.2,"no",3,4
"111","year 3 semester 2",2.5,"2 hours","female",2.2,"no",3,5
"112","year 1 semester 1",3,"2 hours","female",2.5,NA,1,0
"112","year 1 semester 2",3.5,"2 hours","female",2.5,NA,1,1
"112","year 2 semester 1",3.2,"2 hours","female",2.5,NA,2,2
"112","year 2 semester 2",2.9,"2 hours","female",2.5,NA,2,3
"112","year 3 semester 1",3,"2 hours","female",2.5,NA,3,4
"112","year 3 semester 2",3.1,"2 hours","female",2.5,NA,3,5
"113","year 1 semester 1",2.7,"2 hours","male",3.7,"yes",1,0
"113","year 1 semester 2",2.4,"2 hours","male",3.7,"yes",1,1
"113","year 2 semester 1",3,"2 hours","male",3.7,"yes",2,2
"113","year 2 semester 2",2.5,"3 hours","male",3.7,"yes",2,3
"113","year 3 semester 1",2.6,"3 hours","male",3.7,"yes",3,4
"113","year 3 semester 2",2.8,"3 hours","male",3.7,"yes",3,5
"114","year 1 semester 1",2.8,"2 hours","female",4,"yes",1,0
"114","year 1 semester 2",2.3,"2 hours","female",4,"yes",1,1
"114","year 2 semester 1",2.8,"2 hours","female",4,"yes",2,2
"114","year 2 semester 2",2.9,"2 hours","female",4,"yes",2,3
"114","year 3 semester 1",3,"2 hours","female",4,"yes",3,4
"114","year 3 semester 2",3.1,"2 hours","female",4,"yes",3,5
"115","year 1 semester 1",2.2,"2 hours","female",3.6,"yes",1,0
"115","year 1 semester 2",2.1,"3 hours","female",3.6,"yes",1,1
"115","year 2 semester 1",3.1,"2 hours","female",3.6,"yes",2,2
"115","year 2 semester 2",3,"2 hours","female",3.6,"yes",2,3
"115","year 3 semester 1",3,"2 hours","female",3.6,"yes",3,4
"115","year 3 semester 2",3.2,"2 hours","female",3.6,"yes",3,5
"116","year 1 semester 1",2.5,"2 hours","female",2.2,"no",1,0
"116","year 1 semester 2",2.3,"2 hours","female",2.2,"no",1,1
"116","year 2 semester 1",2.8,"2 hours","female",2.2,"no",2,2
"116","year 2 semester 2",2.7,"3 hours","female",2.2,"no",2,3
"116","year 3 semester 1",2.9,"3 hours","female",2.2,"no",3,4
"116","year 3 semester 2",3.1,"2 hours","female",2.2,"no",3,5
"117","year 1 semester 1",2.8,"2 hours","female",2.3,"no",1,0
"117","year 1 semester 2",2.1,"2 hours","female",2.3,"no",1,1
"117","year 2 semester 1",3,"2 hours","female",2.3,"no",2,2
"117","year 2 semester 2",3.1,"2 hours","female",2.3,"no",2,3
"117","year 3 semester 1",3,"2 hours","female",2.3,"no",3,4
"117","year 3 semester 2",3.1,"2 hours","female",2.3,"no",3,5
"118","year 1 semester 1",2.5,"2 hours","female",2.2,NA,1,0
"118","year 1 semester 2",2.4,"2 hours","female",2.2,NA,1,1
"118","year 2 semester 1",3,"2 hours","female",2.2,NA,2,2
"118","year 2 semester 2",3.3,"2 hours","female",2.2,NA,2,3
"118","year 3 semester 1",3.3,"1 hour","female",2.2,NA,3,4
"118","year 3 semester 2",3.6,"2 hours","female",2.2,NA,3,5
"119","year 1 semester 1",2.4,"3 hours","male",2.4,"no",1,0
"119","year 1 semester 2",2.5,"2 hours","male",2.4,"no",1,1
"119","year 2 semester 1",2.6,"2 hours","male",2.4,"no",2,2
"119","year 2 semester 2",2.5,"2 hours","male",2.4,"no",2,3
"119","year 3 semester 1",2.8,"3 hours","male",2.4,"no",3,4
"119","year 3 semester 2",2.9,"3 hours","male",2.4,"no",3,5
"120","year 1 semester 1",2.5,"2 hours","male",3.9,"yes",1,0
"120","year 1 semester 2",3.2,"2 hours","male",3.9,"yes",1,1
"120","year 2 semester 1",3.2,"2 hours","male",3.9,"yes",2,2
"120","year 2 semester 2",2.8,"2 hours","male",3.9,"yes",2,3
"120","year 3 semester 1",3,"2 hours","male",3.9,"yes",3,4
"120","year 3 semester 2",3.3,"2 hours","male",3.9,"yes",3,5
"121","year 1 semester 1",2.9,"2 hours","male",3.7,"yes",1,0
"121","year 1 semester 2",2.7,"2 hours","male",3.7,"yes",1,1
"121","year 2 semester 1",2.6,"2 hours","male",3.7,"yes",2,2
"121","year 2 semester 2",3,"2 hours","male",3.7,"yes",2,3
"121","year 3 semester 1",3.3,"2 hours","male",3.7,"yes",3,4
"121","year 3 semester 2",3.3,"2 hours","male",3.7,"yes",3,5
"122","year 1 semester 1",3,"2 hours","female",2.5,NA,1,0
"122","year 1 semester 2",3.3,"2 hours","female",2.5,NA,1,1
"122","year 2 semester 1",2.9,"3 hours","female",2.5,NA,2,2
"122","year 2 semester 2",3,"2 hours","female",2.5,NA,2,3
"122","year 3 semester 1",3.1,"2 hours","female",2.5,NA,3,4
"122","year 3 semester 2",3.6,"2 hours","female",2.5,NA,3,5
"123","year 1 semester 1",2.9,"2 hours","male",2.8,"yes",1,0
"123","year 1 semester 2",2.3,"2 hours","male",2.8,"yes",1,1
"123","year 2 semester 1",2.3,"3 hours","male",2.8,"yes",2,2
"123","year 2 semester 2",2.4,"2 hours","male",2.8,"yes",2,3
"123","year 3 semester 1",2.2,"2 hours","male",2.8,"yes",3,4
"123","year 3 semester 2",2.5,"2 hours","male",2.8,"yes",3,5
"124","year 1 semester 1",2.5,"2 hours","female",3.6,"yes",1,0
"124","year 1 semester 2",3.1,"2 hours","female",3.6,"yes",1,1
"124","year 2 semester 1",2.5,"2 hours","female",3.6,"yes",2,2
"124","year 2 semester 2",3.3,"2 hours","female",3.6,"yes",2,3
"124","year 3 semester 1",3,"2 hours","female",3.6,"yes",3,4
"124","year 3 semester 2",3.4,"2 hours","female",3.6,"yes",3,5
"125","year 1 semester 1",2.8,"2 hours","male",3.8,"no",1,0
"125","year 1 semester 2",2.3,"3 hours","male",3.8,"no",1,1
"125","year 2 semester 1",2.7,"3 hours","male",3.8,"no",2,2
"125","year 2 semester 2",2.4,"2 hours","male",3.8,"no",2,3
"125","year 3 semester 1",2.6,"3 hours","male",3.8,"no",3,4
"125","year 3 semester 2",3,"2 hours","male",3.8,"no",3,5
"126","year 1 semester 1",2.5,"2 hours","female",3.1,"yes",1,0
"126","year 1 semester 2",2.7,"2 hours","female",3.1,"yes",1,1
"126","year 2 semester 1",2.1,"2 hours","female",3.1,"yes",2,2
"126","year 2 semester 2",3.1,"2 hours","female",3.1,"yes",2,3
"126","year 3 semester 1",3,"2 hours","female",3.1,"yes",3,4
"126","year 3 semester 2",3,"2 hours","female",3.1,"yes",3,5
"127","year 1 semester 1",2.7,"3 hours","male",2.5,"no",1,0
"127","year 1 semester 2",2.3,"3 hours","male",2.5,"no",1,1
"127","year 2 semester 1",2.4,"2 hours","male",2.5,"no",2,2
"127","year 2 semester 2",2.6,"2 hours","male",2.5,"no",2,3
"127","year 3 semester 1",2.3,"3 hours","male",2.5,"no",3,4
"127","year 3 semester 2",2.5,"3 hours","male",2.5,"no",3,5
"128","year 1 semester 1",3,"2 hours","female",3.8,"yes",1,0
"128","year 1 semester 2",2.7,"3 hours","female",3.8,"yes",1,1
"128","year 2 semester 1",2.3,"2 hours","female",3.8,"yes",2,2
"128","year 2 semester 2",2.7,"3 hours","female",3.8,"yes",2,3
"128","year 3 semester 1",2.9,"2 hours","female",3.8,"yes",3,4
"128","year 3 semester 2",3.1,"2 hours","female",3.8,"yes",3,5
"129","year 1 semester 1",2.7,"2 hours","female",3.4,"yes",1,0
"129","year 1 semester 2",2.8,"3 hours","female",3.4,"yes",1,1
"129","year 2 semester 1",2.7,"2 hours","female",3.4,"yes",2,2
"129","year 2 semester 2",2.7,"2 hours","female",3.4,"yes",2,3
"129","year 3 semester 1",2.9,"2 hours","female",3.4,"yes",3,4
"129","year 3 semester 2",2.9,"3 hours","female",3.4,"yes",3,5
"130","year 1 semester 1",2.4,"2 hours","male",2.9,NA,1,0
"130","year 1 semester 2",2.9,"2 hours","male",2.9,NA,1,1
"130","year 2 semester 1",3.6,"2 hours","male",2.9,NA,2,2
"130","year 2 semester 2",3.1,"2 hours","male",2.9,NA,2,3
"130","year 3 semester 1",3,"1 hour","male",2.9,NA,3,4
"130","year 3 semester 2",3.1,"2 hours","male",2.9,NA,3,5
"131","year 1 semester 1",2.8,"2 hours","female",2.2,NA,1,0
"131","year 1 semester 2",3.1,"2 hours","female",2.2,NA,1,1
"131","year 2 semester 1",3.2,"2 hours","female",2.2,NA,2,2
"131","year 2 semester 2",3.1,"2 hours","female",2.2,NA,2,3
"131","year 3 semester 1",3.4,"2 hours","female",2.2,NA,3,4
"131","year 3 semester 2",3.7,"2 hours","female",2.2,NA,3,5
"132","year 1 semester 1",2.2,"3 hours","male",2.7,"no",1,0
"132","year 1 semester 2",2.7,"2 hours","male",2.7,"no",1,1
"132","year 2 semester 1",3.4,"2 hours","male",2.7,"no",2,2
"132","year 2 semester 2",3,"2 hours","male",2.7,"no",2,3
"132","year 3 semester 1",3.3,"2 hours","male",2.7,"no",3,4
"132","year 3 semester 2",3.7,"2 hours","male",2.7,"no",3,5
"133","year 1 semester 1",2.5,"2 hours","male",2,"no",1,0
"133","year 1 semester 2",2.8,"2 hours","male",2,"no",1,1
"133","year 2 semester 1",2.3,"2 hours","male",2,"no",2,2
"133","year 2 semester 2",2.1,"2 hours","male",2,"no",2,3
"133","year 3 semester 1",2.3,"2 hours","male",2,"no",3,4
"133","year 3 semester 2",2.5,"2 hours","male",2,"no",3,5
"134","year 1 semester 1",2.5,"2 hours","female",2.8,"yes",1,0
"134","year 1 semester 2",3.1,"2 hours","female",2.8,"yes",1,1
"134","year 2 semester 1",2.8,"2 hours","female",2.8,"yes",2,2
"134","year 2 semester 2",2.8,"2 hours","female",2.8,"yes",2,3
"134","year 3 semester 1",2.9,"3 hours","female",2.8,"yes",3,4
"134","year 3 semester 2",3.2,"2 hours","female",2.8,"yes",3,5
"135","year 1 semester 1",3,"2 hours","female",2.3,NA,1,0
"135","year 1 semester 2",2.7,"3 hours","female",2.3,NA,1,1
"135","year 2 semester 1",3,"2 hours","female",2.3,NA,2,2
"135","year 2 semester 2",3.1,"2 hours","female",2.3,NA,2,3
"135","year 3 semester 1",3,"2 hours","female",2.3,NA,3,4
"135","year 3 semester 2",3,"2 hours","female",2.3,NA,3,5
"136","year 1 semester 1",2.8,"2 hours","female",2,"yes",1,0
"136","year 1 semester 2",2.5,"2 hours","female",2,"yes",1,1
"136","year 2 semester 1",2.8,"3 hours","female",2,"yes",2,2
"136","year 2 semester 2",2.4,"2 hours","female",2,"yes",2,3
"136","year 3 semester 1",2.8,"2 hours","female",2,"yes",3,4
"136","year 3 semester 2",2.7,"3 hours","female",2,"yes",3,5
"137","year 1 semester 1",2.8,"2 hours","male",2,"yes",1,0
"137","year 1 semester 2",2.1,"2 hours","male",2,"yes",1,1
"137","year 2 semester 1",2.7,"2 hours","male",2,"yes",2,2
"137","year 2 semester 2",2.8,"2 hours","male",2,"yes",2,3
"137","year 3 semester 1",3.1,"2 hours","male",2,"yes",3,4
"137","year 3 semester 2",3,"2 hours","male",2,"yes",3,5
"138","year 1 semester 1",2.5,"2 hours","female",3.3,"yes",1,0
"138","year 1 semester 2",2.8,"2 hours","female",3.3,"yes",1,1
"138","year 2 semester 1",2.7,"2 hours","female",3.3,"yes",2,2
"138","year 2 semester 2",2.7,"2 hours","female",3.3,"yes",2,3
"138","year 3 semester 1",2.9,"2 hours","female",3.3,"yes",3,4
"138","year 3 semester 2",3.1,"2 hours","female",3.3,"yes",3,5
"139","year 1 semester 1",2.5,"2 hours","female",3.9,NA,1,0
"139","year 1 semester 2",3.1,"2 hours","female",3.9,NA,1,1
"139","year 2 semester 1",3,"2 hours","female",3.9,NA,2,2
"139","year 2 semester 2",3.3,"2 hours","female",3.9,NA,2,3
"139","year 3 semester 1",3.3,"1 hour","female",3.9,NA,3,4
"139","year 3 semester 2",3.4,"2 hours","female",3.9,NA,3,5
"140","year 1 semester 1",2.5,"2 hours","male",2.8,"no",1,0
"140","year 1 semester 2",2.9,"2 hours","male",2.8,"no",1,1
"140","year 2 semester 1",2.6,"2 hours","male",2.8,"no",2,2
"140","year 2 semester 2",2.6,"2 hours","male",2.8,"no",2,3
"140","year 3 semester 1",2.9,"2 hours","male",2.8,"no",3,4
"140","year 3 semester 2",2.8,"3 hours","male",2.8,"no",3,5
"141","year 1 semester 1",2.7,"2 hours","female",2.1,NA,1,0
"141","year 1 semester 2",3.1,"2 hours","female",2.1,NA,1,1
"141","year 2 semester 1",3.1,"2 hours","female",2.1,NA,2,2
"141","year 2 semester 2",3.1,"2 hours","female",2.1,NA,2,3
"141","year 3 semester 1",3.4,"2 hours","female",2.1,NA,3,4
"141","year 3 semester 2",3.1,"2 hours","female",2.1,NA,3,5
"142","year 1 semester 1",2.8,"2 hours","female",2.9,"yes",1,0
"142","year 1 semester 2",2.9,"3 hours","female",2.9,"yes",1,1
"142","year 2 semester 1",3.1,"2 hours","female",2.9,"yes",2,2
"142","year 2 semester 2",3,"2 hours","female",2.9,"yes",2,3
"142","year 3 semester 1",3.1,"2 hours","female",2.9,"yes",3,4
"142","year 3 semester 2",2.9,"3 hours","female",2.9,"yes",3,5
"143","year 1 semester 1",2.9,"3 hours","female",3.1,NA,1,0
"143","year 1 semester 2",2.7,"3 hours","female",3.1,NA,1,1
"143","year 2 semester 1",2.4,"2 hours","female",3.1,NA,2,2
"143","year 2 semester 2",2.9,"2 hours","female",3.1,NA,2,3
"143","year 3 semester 1",3,"2 hours","female",3.1,NA,3,4
"143","year 3 semester 2",3,"1 hour","female",3.1,NA,3,5
"144","year 1 semester 1",2.5,"2 hours","female",3.6,"yes",1,0
"144","year 1 semester 2",3,"2 hours","female",3.6,"yes",1,1
"144","year 2 semester 1",2.9,"2 hours","female",3.6,"yes",2,2
"144","year 2 semester 2",3,"2 hours","female",3.6,"yes",2,3
"144","year 3 semester 1",3,"2 hours","female",3.6,"yes",3,4
"144","year 3 semester 2",3.4,"2 hours","female",3.6,"yes",3,5
"145","year 1 semester 1",2.4,"2 hours","female",2.8,"no",1,0
"145","year 1 semester 2",2.5,"2 hours","female",2.8,"no",1,1
"145","year 2 semester 1",2.8,"2 hours","female",2.8,"no",2,2
"145","year 2 semester 2",2.9,"3 hours","female",2.8,"no",2,3
"145","year 3 semester 1",2.9,"3 hours","female",2.8,"no",3,4
"145","year 3 semester 2",3.2,"2 hours","female",2.8,"no",3,5
"146","year 1 semester 1",2.6,"3 hours","female",3.4,"no",1,0
"146","year 1 semester 2",2.4,"2 hours","female",3.4,"no",1,1
"146","year 2 semester 1",2.3,"2 hours","female",3.4,"no",2,2
"146","year 2 semester 2",2.5,"2 hours","female",3.4,"no",2,3
"146","year 3 semester 1",2.5,"2 hours","female",3.4,"no",3,4
"146","year 3 semester 2",2.9,"3 hours","female",3.4,"no",3,5
"147","year 1 semester 1",2.6,"2 hours","male",3.4,NA,1,0
"147","year 1 semester 2",2.9,"2 hours","male",3.4,NA,1,1
"147","year 2 semester 1",3.4,"2 hours","male",3.4,NA,2,2
"147","year 2 semester 2",3.5,"2 hours","male",3.4,NA,2,3
"147","year 3 semester 1",3.6,"2 hours","male",3.4,NA,3,4
"147","year 3 semester 2",3.9,"1 hour","male",3.4,NA,3,5
"148","year 1 semester 1",2.5,"2 hours","male",3.1,"no",1,0
"148","year 1 semester 2",3,"2 hours","male",3.1,"no",1,1
"148","year 2 semester 1",2.5,"2 hours","male",3.1,"no",2,2
"148","year 2 semester 2",2.6,"2 hours","male",3.1,"no",2,3
"148","year 3 semester 1",2.8,"3 hours","male",3.1,"no",3,4
"148","year 3 semester 2",2.8,"3 hours","male",3.1,"no",3,5
"149","year 1 semester 1",2.7,"3 hours","female",2.4,"no",1,0
"149","year 1 semester 2",2.7,"2 hours","female",2.4,"no",1,1
"149","year 2 semester 1",2.4,"2 hours","female",2.4,"no",2,2
"149","year 2 semester 2",2.9,"2 hours","female",2.4,"no",2,3
"149","year 3 semester 1",3,"1 hour","female",2.4,"no",3,4
"149","year 3 semester 2",3.1,"2 hours","female",2.4,"no",3,5
"150","year 1 semester 1",2.7,"2 hours","male",2.7,"no",1,0
"150","year 1 semester 2",2.8,"3 hours","male",2.7,"no",1,1
"150","year 2 semester 1",2.4,"2 hours","male",2.7,"no",2,2
"150","year 2 semester 2",2.4,"2 hours","male",2.7,"no",2,3
"150","year 3 semester 1",2.6,"3 hours","male",2.7,"no",3,4
"150","year 3 semester 2",2.7,"3 hours","male",2.7,"no",3,5
"151","year 1 semester 1",2.4,"2 hours","female",2.2,"no",1,0
"151","year 1 semester 2",2.5,"2 hours","female",2.2,"no",1,1
"151","year 2 semester 1",2.5,"2 hours","female",2.2,"no",2,2
"151","year 2 semester 2",2.9,"2 hours","female",2.2,"no",2,3
"151","year 3 semester 1",2.7,"2 hours","female",2.2,"no",3,4
"151","year 3 semester 2",2.9,"2 hours","female",2.2,"no",3,5
"152","year 1 semester 1",2.4,"2 hours","male",3.8,"yes",1,0
"152","year 1 semester 2",2.9,"2 hours","male",3.8,"yes",1,1
"152","year 2 semester 1",2.7,"3 hours","male",3.8,"yes",2,2
"152","year 2 semester 2",2.7,"3 hours","male",3.8,"yes",2,3
"152","year 3 semester 1",2.8,"2 hours","male",3.8,"yes",3,4
"152","year 3 semester 2",2.9,"2 hours","male",3.8,"yes",3,5
"153","year 1 semester 1",2.5,"2 hours","female",2.5,"no",1,0
"153","year 1 semester 2",3,"2 hours","female",2.5,"no",1,1
"153","year 2 semester 1",2.7,"2 hours","female",2.5,"no",2,2
"153","year 2 semester 2",2.8,"2 hours","female",2.5,"no",2,3
"153","year 3 semester 1",3,"2 hours","female",2.5,"no",3,4
"153","year 3 semester 2",3,"2 hours","female",2.5,"no",3,5
"154","year 1 semester 1",2.6,"2 hours","male",2.9,NA,1,0
"154","year 1 semester 2",2.7,"2 hours","male",2.9,NA,1,1
"154","year 2 semester 1",3.2,"2 hours","male",2.9,NA,2,2
"154","year 2 semester 2",3.3,"2 hours","male",2.9,NA,2,3
"154","year 3 semester 1",3.4,"2 hours","male",2.9,NA,3,4
"154","year 3 semester 2",3.5,"1 hour","male",2.9,NA,3,5
"155","year 1 semester 1",2.7,"2 hours","male",2.9,"no",1,0
"155","year 1 semester 2",3.1,"2 hours","male",2.9,"no",1,1
"155","year 2 semester 1",2.5,"2 hours","male",2.9,"no",2,2
"155","year 2 semester 2",2.7,"2 hours","male",2.9,"no",2,3
"155","year 3 semester 1",2.7,"3 hours","male",2.9,"no",3,4
"155","year 3 semester 2",2.9,"3 hours","male",2.9,"no",3,5
"156","year 1 semester 1",2.6,"2 hours","male",3.9,"no",1,0
"156","year 1 semester 2",2.7,"2 hours","male",3.9,"no",1,1
"156","year 2 semester 1",2.7,"2 hours","male",3.9,"no",2,2
"156","year 2 semester 2",3,"2 hours","male",3.9,"no",2,3
"156","year 3 semester 1",2.8,"2 hours","male",3.9,"no",3,4
"156","year 3 semester 2",2.8,"3 hours","male",3.9,"no",3,5
"157","year 1 semester 1",3.3,"2 hours","female",2.1,NA,1,0
"157","year 1 semester 2",3,"2 hours","female",2.1,NA,1,1
"157","year 2 semester 1",3.1,"2 hours","female",2.1,NA,2,2
"157","year 2 semester 2",3.3,"2 hours","female",2.1,NA,2,3
"157","year 3 semester 1",3.4,"2 hours","female",2.1,NA,3,4
"157","year 3 semester 2",3.4,"2 hours","female",2.1,NA,3,5
"158","year 1 semester 1",3,"2 hours","female",2.6,"no",1,0
"158","year 1 semester 2",2.8,"2 hours","female",2.6,"no",1,1
"158","year 2 semester 1",2.9,"2 hours","female",2.6,"no",2,2
"158","year 2 semester 2",2.7,"2 hours","female",2.6,"no",2,3
"158","year 3 semester 1",2.8,"2 hours","female",2.6,"no",3,4
"158","year 3 semester 2",2.8,"3 hours","female",2.6,"no",3,5
"159","year 1 semester 1",3,"2 hours","female",3.1,NA,1,0
"159","year 1 semester 2",3,"2 hours","female",3.1,NA,1,1
"159","year 2 semester 1",3.1,"2 hours","female",3.1,NA,2,2
"159","year 2 semester 2",3.4,"2 hours","female",3.1,NA,2,3
"159","year 3 semester 1",3.8,"2 hours","female",3.1,NA,3,4
"159","year 3 semester 2",4,"1 hour","female",3.1,NA,3,5
"160","year 1 semester 1",2.9,"2 hours","female",3.4,NA,1,0
"160","year 1 semester 2",2.7,"2 hours","female",3.4,NA,1,1
"160","year 2 semester 1",3.2,"2 hours","female",3.4,NA,2,2
"160","year 2 semester 2",3.4,"2 hours","female",3.4,NA,2,3
"160","year 3 semester 1",3.7,"2 hours","female",3.4,NA,3,4
"160","year 3 semester 2",3.8,"2 hours","female",3.4,NA,3,5
"161","year 1 semester 1",2.6,"2 hours","male",3.1,"yes",1,0
"161","year 1 semester 2",2.5,"2 hours","male",3.1,"yes",1,1
"161","year 2 semester 1",2.7,"3 hours","male",3.1,"yes",2,2
"161","year 2 semester 2",2.8,"2 hours","male",3.1,"yes",2,3
"161","year 3 semester 1",2.8,"3 hours","male",3.1,"yes",3,4
"161","year 3 semester 2",3.1,"2 hours","male",3.1,"yes",3,5
"162","year 1 semester 1",1.7,"3 hours","female",2.7,"no",1,0
"162","year 1 semester 2",2.5,"2 hours","female",2.7,"no",1,1
"162","year 2 semester 1",2.2,"2 hours","female",2.7,"no",2,2
"162","year 2 semester 2",2.7,"2 hours","female",2.7,"no",2,3
"162","year 3 semester 1",2.6,"3 hours","female",2.7,"no",3,4
"162","year 3 semester 2",2.5,"2 hours","female",2.7,"no",3,5
"163","year 1 semester 1",2.2,"3 hours","female",3,NA,1,0
"163","year 1 semester 2",2.5,"3 hours","female",3,NA,1,1
"163","year 2 semester 1",2.9,"2 hours","female",3,NA,2,2
"163","year 2 semester 2",2.9,"2 hours","female",3,NA,2,3
"163","year 3 semester 1",3.2,"1 hour","female",3,NA,3,4
"163","year 3 semester 2",3.2,"2 hours","female",3,NA,3,5
"164","year 1 semester 1",2.5,"3 hours","male",2.5,NA,1,0
"164","year 1 semester 2",2.4,"3 hours","male",2.5,NA,1,1
"164","year 2 semester 1",2.6,"2 hours","male",2.5,NA,2,2
"164","year 2 semester 2",2.8,"2 hours","male",2.5,NA,2,3
"164","year 3 semester 1",2.8,"2 hours","male",2.5,NA,3,4
"164","year 3 semester 2",3.3,"2 hours","male",2.5,NA,3,5
"165","year 1 semester 1",2.8,"2 hours","female",3.8,"no",1,0
"165","year 1 semester 2",2.7,"2 hours","female",3.8,"no",1,1
"165","year 2 semester 1",2.9,"3 hours","female",3.8,"no",2,2
"165","year 2 semester 2",2.9,"2 hours","female",3.8,"no",2,3
"165","year 3 semester 1",2.9,"2 hours","female",3.8,"no",3,4
"165","year 3 semester 2",2.9,"2 hours","female",3.8,"no",3,5
"166","year 1 semester 1",3,"2 hours","female",2.5,NA,1,0
"166","year 1 semester 2",2.5,"2 hours","female",2.5,NA,1,1
"166","year 2 semester 1",3.2,"2 hours","female",2.5,NA,2,2
"166","year 2 semester 2",3.2,"2 hours","female",2.5,NA,2,3
"166","year 3 semester 1",3.2,"2 hours","female",2.5,NA,3,4
"166","year 3 semester 2",3.4,"2 hours","female",2.5,NA,3,5
"167","year 1 semester 1",2.7,"2 hours","male",2.8,"yes",1,0
"167","year 1 semester 2",2.9,"3 hours","male",2.8,"yes",1,1
"167","year 2 semester 1",3.1,"1 hour","male",2.8,"yes",2,2
"167","year 2 semester 2",2.8,"3 hours","male",2.8,"yes",2,3
"167","year 3 semester 1",3.6,"1 hour","male",2.8,"yes",3,4
"167","year 3 semester 2",3.5,"2 hours","male",2.8,"yes",3,5
"168","year 1 semester 1",2.9,"2 hours","male",3.2,NA,1,0
"168","year 1 semester 2",2.9,"2 hours","male",3.2,NA,1,1
"168","year 2 semester 1",3,"2 hours","male",3.2,NA,2,2
"168","year 2 semester 2",3.3,"2 hours","male",3.2,NA,2,3
"168","year 3 semester 1",3.4,"2 hours","male",3.2,NA,3,4
"168","year 3 semester 2",3.5,"2 hours","male",3.2,NA,3,5
"169","year 1 semester 1",2.9,"2 hours","male",3.9,NA,1,0
"169","year 1 semester 2",2.7,"2 hours","male",3.9,NA,1,1
"169","year 2 semester 1",3,"2 hours","male",3.9,NA,2,2
"169","year 2 semester 2",3.2,"2 hours","male",3.9,NA,2,3
"169","year 3 semester 1",3.6,"2 hours","male",3.9,NA,3,4
"169","year 3 semester 2",3.6,"2 hours","male",3.9,NA,3,5
"170","year 1 semester 1",2.4,"2 hours","male",2,"yes",1,0
"170","year 1 semester 2",3.1,"2 hours","male",2,"yes",1,1
"170","year 2 semester 1",3.2,"1 hour","male",2,"yes",2,2
"170","year 2 semester 2",3.7,"2 hours","male",2,"yes",2,3
"170","year 3 semester 1",3.6,"2 hours","male",2,"yes",3,4
"170","year 3 semester 2",3.9,"2 hours","male",2,"yes",3,5
"171","year 1 semester 1",2.3,"2 hours","male",2.7,"no",1,0
"171","year 1 semester 2",2.4,"2 hours","male",2.7,"no",1,1
"171","year 2 semester 1",2.7,"2 hours","male",2.7,"no",2,2
"171","year 2 semester 2",2.7,"3 hours","male",2.7,"no",2,3
"171","year 3 semester 1",2.5,"2 hours","male",2.7,"no",3,4
"171","year 3 semester 2",2.6,"3 hours","male",2.7,"no",3,5
"172","year 1 semester 1",2.7,"2 hours","female",3.4,"yes",1,0
"172","year 1 semester 2",2.8,"3 hours","female",3.4,"yes",1,1
"172","year 2 semester 1",3,"2 hours","female",3.4,"yes",2,2
"172","year 2 semester 2",2.4,"2 hours","female",3.4,"yes",2,3
"172","year 3 semester 1",2.8,"2 hours","female",3.4,"yes",3,4
"172","year 3 semester 2",3.2,"2 hours","female",3.4,"yes",3,5
"173","year 1 semester 1",2.2,"2 hours","female",3.7,"yes",1,0
"173","year 1 semester 2",3.1,"2 hours","female",3.7,"yes",1,1
"173","year 2 semester 1",3,"2 hours","female",3.7,"yes",2,2
"173","year 2 semester 2",3.4,"2 hours","female",3.7,"yes",2,3
"173","year 3 semester 1",3.7,"2 hours","female",3.7,"yes",3,4
"173","year 3 semester 2",3.6,"2 hours","female",3.7,"yes",3,5
"174","year 1 semester 1",2.8,"2 hours","female",3.2,NA,1,0
"174","year 1 semester 2",2.7,"2 hours","female",3.2,NA,1,1
"174","year 2 semester 1",2.9,"3 hours","female",3.2,NA,2,2
"174","year 2 semester 2",3.2,"2 hours","female",3.2,NA,2,3
"174","year 3 semester 1",3,"1 hour","female",3.2,NA,3,4
"174","year 3 semester 2",3.4,"2 hours","female",3.2,NA,3,5
"175","year 1 semester 1",2.3,"2 hours","male",3.7,NA,1,0
"175","year 1 semester 2",2.9,"2 hours","male",3.7,NA,1,1
"175","year 2 semester 1",3.1,"2 hours","male",3.7,NA,2,2
"175","year 2 semester 2",2.8,"2 hours","male",3.7,NA,2,3
"175","year 3 semester 1",3.4,"1 hour","male",3.7,NA,3,4
"175","year 3 semester 2",3.3,"1 hour","male",3.7,NA,3,5
"176","year 1 semester 1",2.9,"2 hours","male",3.7,"no",1,0
"176","year 1 semester 2",2.7,"2 hours","male",3.7,"no",1,1
"176","year 2 semester 1",2.8,"2 hours","male",3.7,"no",2,2
"176","year 2 semester 2",2.7,"2 hours","male",3.7,"no",2,3
"176","year 3 semester 1",2.6,"2 hours","male",3.7,"no",3,4
"176","year 3 semester 2",2.9,"3 hours","male",3.7,"no",3,5
"177","year 1 semester 1",2.9,"2 hours","male",3.9,NA,1,0
"177","year 1 semester 2",3,"2 hours","male",3.9,NA,1,1
"177","year 2 semester 1",3.1,"1 hour","male",3.9,NA,2,2
"177","year 2 semester 2",2.8,"2 hours","male",3.9,NA,2,3
"177","year 3 semester 1",3.3,"2 hours","male",3.9,NA,3,4
"177","year 3 semester 2",3.4,"1 hour","male",3.9,NA,3,5
"178","year 1 semester 1",2.8,"2 hours","male",3.5,"yes",1,0
"178","year 1 semester 2",2.9,"2 hours","male",3.5,"yes",1,1
"178","year 2 semester 1",2.8,"2 hours","male",3.5,"yes",2,2
"178","year 2 semester 2",3,"2 hours","male",3.5,"yes",2,3
"178","year 3 semester 1",2.9,"2 hours","male",3.5,"yes",3,4
"178","year 3 semester 2",2.9,"2 hours","male",3.5,"yes",3,5
"179","year 1 semester 1",2.7,"3 hours","female",2.8,"yes",1,0
"179","year 1 semester 2",3.4,"2 hours","female",2.8,"yes",1,1
"179","year 2 semester 1",2.5,"2 hours","female",2.8,"yes",2,2
"179","year 2 semester 2",2.8,"2 hours","female",2.8,"yes",2,3
"179","year 3 semester 1",2.9,"3 hours","female",2.8,"yes",3,4
"179","year 3 semester 2",3.2,"2 hours","female",2.8,"yes",3,5
"180","year 1 semester 1",2.9,"2 hours","male",2.3,"no",1,0
"180","year 1 semester 2",2.5,"2 hours","male",2.3,"no",1,1
"180","year 2 semester 1",2.5,"3 hours","male",2.3,"no",2,2
"180","year 2 semester 2",2.5,"2 hours","male",2.3,"no",2,3
"180","year 3 semester 1",2.6,"3 hours","male",2.3,"no",3,4
"180","year 3 semester 2",2.6,"2 hours","male",2.3,"no",3,5
"181","year 1 semester 1",2.3,"2 hours","male",3.2,"yes",1,0
"181","year 1 semester 2",2.4,"2 hours","male",3.2,"yes",1,1
"181","year 2 semester 1",2.2,"2 hours","male",3.2,"yes",2,2
"181","year 2 semester 2",2.6,"3 hours","male",3.2,"yes",2,3
"181","year 3 semester 1",2.6,"3 hours","male",3.2,"yes",3,4
"181","year 3 semester 2",2.7,"2 hours","male",3.2,"yes",3,5
"182","year 1 semester 1",2.7,"2 hours","female",3.7,"yes",1,0
"182","year 1 semester 2",3.2,"2 hours","female",3.7,"yes",1,1
"182","year 2 semester 1",3.1,"2 hours","female",3.7,"yes",2,2
"182","year 2 semester 2",3.1,"1 hour","female",3.7,"yes",2,3
"182","year 3 semester 1",3.3,"2 hours","female",3.7,"yes",3,4
"182","year 3 semester 2",3.3,"2 hours","female",3.7,"yes",3,5
"183","year 1 semester 1",2.7,"2 hours","male",3,"no",1,0
"183","year 1 semester 2",2.5,"3 hours","male",3,"no",1,1
"183","year 2 semester 1",2.7,"2 hours","male",3,"no",2,2
"183","year 2 semester 2",2.3,"2 hours","male",3,"no",2,3
"183","year 3 semester 1",2.6,"2 hours","male",3,"no",3,4
"183","year 3 semester 2",2.6,"2 hours","male",3,"no",3,5
"184","year 1 semester 1",2.3,"3 hours","female",4,NA,1,0
"184","year 1 semester 2",2.8,"2 hours","female",4,NA,1,1
"184","year 2 semester 1",2.8,"2 hours","female",4,NA,2,2
"184","year 2 semester 2",3,"2 hours","female",4,NA,2,3
"184","year 3 semester 1",3.1,"1 hour","female",4,NA,3,4
"184","year 3 semester 2",3.3,"2 hours","female",4,NA,3,5
"185","year 1 semester 1",2.6,"3 hours","female",3.7,"yes",1,0
"185","year 1 semester 2",3.1,"2 hours","female",3.7,"yes",1,1
"185","year 2 semester 1",3,"2 hours","female",3.7,"yes",2,2
"185","year 2 semester 2",3,"2 hours","female",3.7,"yes",2,3
"185","year 3 semester 1",3.2,"2 hours","female",3.7,"yes",3,4
"185","year 3 semester 2",2.9,"3 hours","female",3.7,"yes",3,5
"186","year 1 semester 1",2.2,"2 hours","female",3.4,"yes",1,0
"186","year 1 semester 2",2.4,"3 hours","female",3.4,"yes",1,1
"186","year 2 semester 1",3,"2 hours","female",3.4,"yes",2,2
"186","year 2 semester 2",2.9,"2 hours","female",3.4,"yes",2,3
"186","year 3 semester 1",3.2,"2 hours","female",3.4,"yes",3,4
"186","year 3 semester 2",3.1,"2 hours","female",3.4,"yes",3,5
"187","year 1 semester 1",2.4,"2 hours","female",2.2,"yes",1,0
"187","year 1 semester 2",2.2,"2 hours","female",2.2,"yes",1,1
"187","year 2 semester 1",2.1,"2 hours","female",2.2,"yes",2,2
"187","year 2 semester 2",2.4,"2 hours","female",2.2,"yes",2,3
"187","year 3 semester 1",2.8,"3 hours","female",2.2,"yes",3,4
"187","year 3 semester 2",2.8,"3 hours","female",2.2,"yes",3,5
"188","year 1 semester 1",2.3,"2 hours","female",2.1,"yes",1,0
"188","year 1 semester 2",2.7,"2 hours","female",2.1,"yes",1,1
"188","year 2 semester 1",3.3,"2 hours","female",2.1,"yes",2,2
"188","year 2 semester 2",3.2,"2 hours","female",2.1,"yes",2,3
"188","year 3 semester 1",3.1,"2 hours","female",2.1,"yes",3,4
"188","year 3 semester 2",3.6,"2 hours","female",2.1,"yes",3,5
"189","year 1 semester 1",3.3,"2 hours","male",2.6,NA,1,0
"189","year 1 semester 2",3.3,"2 hours","male",2.6,NA,1,1
"189","year 2 semester 1",2.8,"3 hours","male",2.6,NA,2,2
"189","year 2 semester 2",3,"2 hours","male",2.6,NA,2,3
"189","year 3 semester 1",3.1,"2 hours","male",2.6,NA,3,4
"189","year 3 semester 2",3.1,"2 hours","male",2.6,NA,3,5
"190","year 1 semester 1",1.7,"3 hours","male",3.9,"no",1,0
"190","year 1 semester 2",2.3,"2 hours","male",3.9,"no",1,1
"190","year 2 semester 1",2.7,"2 hours","male",3.9,"no",2,2
"190","year 2 semester 2",2.5,"2 hours","male",3.9,"no",2,3
"190","year 3 semester 1",2.6,"2 hours","male",3.9,"no",3,4
"190","year 3 semester 2",2.8,"3 hours","male",3.9,"no",3,5
"191","year 1 semester 1",2.4,"2 hours","female",2,"yes",1,0
"191","year 1 semester 2",2.8,"2 hours","female",2,"yes",1,1
"191","year 2 semester 1",2.8,"2 hours","female",2,"yes",2,2
"191","year 2 semester 2",3,"2 hours","female",2,"yes",2,3
"191","year 3 semester 1",3.1,"2 hours","female",2,"yes",3,4
"191","year 3 semester 2",2.9,"3 hours","female",2,"yes",3,5
"192","year 1 semester 1",2.9,"2 hours","female",2.9,"yes",1,0
"192","year 1 semester 2",3,"2 hours","female",2.9,"yes",1,1
"192","year 2 semester 1",2.4,"2 hours","female",2.9,"yes",2,2
"192","year 2 semester 2",2.9,"2 hours","female",2.9,"yes",2,3
"192","year 3 semester 1",2.8,"2 hours","female",2.9,"yes",3,4
"192","year 3 semester 2",2.9,"2 hours","female",2.9,"yes",3,5
"193","year 1 semester 1",3.1,"2 hours","male",3,NA,1,0
"193","year 1 semester 2",2.8,"3 hours","male",3,NA,1,1
"193","year 2 semester 1",2.7,"2 hours","male",3,NA,2,2
"193","year 2 semester 2",2.7,"3 hours","male",3,NA,2,3
"193","year 3 semester 1",2.9,"2 hours","male",3,NA,3,4
"193","year 3 semester 2",3.3,"2 hours","male",3,NA,3,5
"194","year 1 semester 1",2.4,"2 hours","male",2.2,"no",1,0
"194","year 1 semester 2",2.4,"3 hours","male",2.2,"no",1,1
"194","year 2 semester 1",2.6,"3 hours","male",2.2,"no",2,2
"194","year 2 semester 2",3.1,"2 hours","male",2.2,"no",2,3
"194","year 3 semester 1",3.4,"2 hours","male",2.2,"no",3,4
"194","year 3 semester 2",3.3,"2 hours","male",2.2,"no",3,5
"195","year 1 semester 1",2.4,"2 hours","male",2.5,"no",1,0
"195","year 1 semester 2",2.7,"2 hours","male",2.5,"no",1,1
"195","year 2 semester 1",2.2,"3 hours","male",2.5,"no",2,2
"195","year 2 semester 2",2.2,"2 hours","male",2.5,"no",2,3
"195","year 3 semester 1",2.4,"2 hours","male",2.5,"no",3,4
"195","year 3 semester 2",2.5,"2 hours","male",2.5,"no",3,5
"196","year 1 semester 1",2.2,"2 hours","female",3.5,NA,1,0
"196","year 1 semester 2",2.5,"2 hours","female",3.5,NA,1,1
"196","year 2 semester 1",2.7,"2 hours","female",3.5,NA,2,2
"196","year 2 semester 2",3.1,"2 hours","female",3.5,NA,2,3
"196","year 3 semester 1",3.3,"2 hours","female",3.5,NA,3,4
"196","year 3 semester 2",3.2,"2 hours","female",3.5,NA,3,5
"197","year 1 semester 1",2.9,"2 hours","female",2.1,NA,1,0
"197","year 1 semester 2",2.5,"2 hours","female",2.1,NA,1,1
"197","year 2 semester 1",2.8,"3 hours","female",2.1,NA,2,2
"197","year 2 semester 2",3.2,"2 hours","female",2.1,NA,2,3
"197","year 3 semester 1",3.3,"2 hours","female",2.1,NA,3,4
"197","year 3 semester 2",3.8,"2 hours","female",2.1,NA,3,5
"198","year 1 semester 1",2.5,"2 hours","male",4,NA,1,0
"198","year 1 semester 2",2.9,"2 hours","male",4,NA,1,1
"198","year 2 semester 1",3,"2 hours","male",4,NA,2,2
"198","year 2 semester 2",3.2,"2 hours","male",4,NA,2,3
"198","year 3 semester 1",3.3,"1 hour","male",4,NA,3,4
"198","year 3 semester 2",3.4,"2 hours","male",4,NA,3,5
"199","year 1 semester 1",2.6,"2 hours","female",2.3,"yes",1,0
"199","year 1 semester 2",2.3,"2 hours","female",2.3,"yes",1,1
"199","year 2 semester 1",2.7,"3 hours","female",2.3,"yes",2,2
"199","year 2 semester 2",2.7,"2 hours","female",2.3,"yes",2,3
"199","year 3 semester 1",2.8,"2 hours","female",2.3,"yes",3,4
"199","year 3 semester 2",2.8,"3 hours","female",2.3,"yes",3,5
"200","year 1 semester 1",2.8,"2 hours","male",3.4,NA,1,0
"200","year 1 semester 2",3.2,"2 hours","male",3.4,NA,1,1
"200","year 2 semester 1",3.4,"2 hours","male",3.4,NA,2,2
"200","year 2 semester 2",3.5,"2 hours","male",3.4,NA,2,3
"200","year 3 semester 1",3.3,"1 hour","male",3.4,NA,3,4
"200","year 3 semester 2",3.4,"1 hour","male",3.4,NA,3,5
