TERM,NAME,SHORT_TITLE,ENROLLED_STUDENT_COUNT,CAPACITY,XLIST_ENROLLED_STUDENT_COUNT,COURSE_TYPE_DESCRIPTION,Department
21/FA,AFRST-102-01,BLACKNESS ACROSS DIASPORA,13,16,NA,Proseminar,AFRST
21/FA,AFRST-190W-01,EXPLORING SOCIAL JUSTICE,17,18,NA,Writing Intensive Courses,AFRST
22/SP,AFRST-201W-01,DIVERSITY RECONSIDERED,10,18,NA,Writing Intensive Courses,AFRST
21/FA,AFRST-215-01,GLOBAL RACE AND SPORT,40,40,NA,NA,AFRST
22/SP,AFRST-215W-01,GLOBAL RACE AND SPORT,21,18,NA,Writing Intensive Courses,AFRST
21/FA,AFRST-220W-01,IMAGINING AFRICA,18,18,NA,Writing Intensive Courses,AFRST
22/SP,AFRST-221W-01,AFRICA IN DIASPORA,11,18,NA,Writing Intensive Courses,AFRST
22/SP,AFRST-224W-01,"GENDER,SPACE,IDENTITY",17,18,12,Writing Intensive Courses,AFRST
21/FA,AFRST-255-01,MARROW AFRICAN-AMER LIT,17,40,1,NA,AFRST
21/FA,AFRST-265W-01,RACISM & ANTI-RACISM,17,18,NA,Writing Intensive Courses,AFRST
21/FA,AFRST-306-01,SEMINAR BLACK EUROPE,5,12,NA,Proseminar,AFRST
22/SP,AFRST-335W-01,URBAN WORLDS,12,18,NA,Writing Intensive Courses,AFRST
22/SP,AFRST-380-01,GLOBAL BLACK REBELLIONS,10,12,NA,NA,AFRST
21/FA,AFRST-405-01,SEM BLACK FEMINIST THGHT,3,12,1,NA,AFRST
21/FA,AMST-117-02,ROOTS TO COUNTRY MUSIC,16,16,11,First Year Courses,AMST
22/SP,AMST-150-01,HAMILTON COLLEGE & SOC JUSTIC,35,40,NA,Experiential Learning,AMST
21/FA,ANTHR-113-01,PRIN SOC & CULTURAL ANTHR,40,40,NA,NA,ANTHR
22/SP,ANTHR-113-01,PRIN SOC & CULTURAL ANTHR,42,40,NA,NA,ANTHR
22/SP,ANTHR-113-02,PRIN SOC & CULTURAL ANTHR,16,16,NA,First Year Courses,ANTHR
21/FA,ANTHR-113-02,PRIN SOC & CULTURAL ANTHR,39,40,NA,NA,ANTHR
22/SP,ANTHR-233-01,ANTHROPOLOGY OF CHINA,25,40,NA,NA,ANTHR
22/SP,ANTHR-234-01,COMMUNICATION & CULTURE,22,40,16,NA,ANTHR
22/SP,ANTHR-264W-01,ETHNOGRPHY LIT&VISUAL LANG,16,18,7,Writing Intensive Courses,ANTHR
21/FA,ANTHR-272W-01,ANTHROPOLOGY OF FOOD,18,18,NA,Writing Intensive Courses,ANTHR
22/SP,ANTHR-303-01,AGENCY & VOICE,11,12,8,NA,ANTHR
22/SP,ANTHR-309-01,EDUCATION & RACIALIZATION,11,12,5,NA,ANTHR
22/SP,ANTHR-312-01,FOOD JUSTICE MOHAWK VALLEY,12,12,NA,NA,ANTHR
21/FA,ANTHR-358W-01,HISTORY OF IDEAS,21,18,NA,Writing Intensive Courses,ANTHR
22/SP,ANTHR-375-01,ETHNOGRAPHIC METHODS,4,12,NA,NA,ANTHR
21/FA,ANTHR-500-01,SR SEM CULTURAL ANTHR,11,40,NA,NA,ANTHR
22/SP,ANTHR-501-01,SR THESIS CULTURAL ANTHR,11,40,NA,NA,ANTHR
21/FA,ARABC-110-01,MODERN ARABIC FICTION & FILM,9,40,NA,NA,ARABC
21/FA,ARABC-115-01,FIRST TERM ARABIC,5,17,NA,NA,ARABC
22/SP,ARABC-116-01,SECOND TERM ARABIC,3,20,NA,NA,ARABC
21/FA,ARABC-215-01,THIRD TERM ARABIC,6,16,NA,NA,ARABC
22/SP,ARABC-216W-01,FOURTH TERM ARABIC,4,18,NA,Writing Intensive Courses,ARABC
21/FA,ARABC-315-01,ADVANCED ARABIC,4,40,NA,NA,ARABC
21/FA,ARCH-106-01,PRINCIPLES OF ARCHAEOLOGY,23,24,NA,Quantitative & Symbolic R,ARCH
22/SP,ARCH-106-01,PRINCIPLES OF ARCHAEOLOGY,25,24,NA,Quantitative & Symbolic R,ARCH
21/FA,ARCH-106-02,PRINCIPLES OF ARCHAEOLOGY,24,24,NA,Quantitative & Symbolic R,ARCH
22/SP,ARCH-216-01,EVERYDAY ARCH:DAILY LIFE PAST,14,24,NA,NA,ARCH
22/SP,ARCH-218-01,RESILIENCE AND COLLAPSE,16,24,9,NA,ARCH
21/FA,ARCH-243-01,NORTH AMERICAN PREHISTORY,11,24,NA,NA,ARCH
22/SP,ARCH-252-01,ARCHAEOLOGY OF FOOD,10,24,NA,NA,ARCH
21/FA,ARCH-325W-01,ANALYTIC METHODS ARCH,9,8,9,Writing Intensive Courses,ARCH
21/FA,ARCH-510-01,SR SEM ARCHAEOLOGY,8,40,NA,NA,ARCH
22/SP,ARCH-511-01,SR THESIS ARCHAEOLOGY,7,24,NA,NA,ARCH
21/FA,ART-104-01,DRAWING,19,20,NA,NA,ART
22/SP,ART-104-01,DRAWING,20,20,NA,NA,ART
22/SP,ART-104-02,DRAWING,19,20,NA,NA,ART
22/SP,ART-105-01,DESIGN,22,20,NA,NA,ART
21/FA,ART-106-01,INTRODUCTION TO CERAMICS,14,16,NA,NA,ART
22/SP,ART-106-01,INTRODUCTION TO CERAMICS,16,16,NA,NA,ART
22/SP,ART-109-01,INTRODUCTION TO SCULPTURE,11,12,NA,NA,ART
21/FA,ART-109-01,INTRODUCTION TO SCULPTURE,12,12,NA,NA,ART
21/FA,ART-116-01,INTRO TO PHOTOGRAPHY,15,16,NA,NA,ART
22/SP,ART-116-01,INTRO TO PHOTOGRAPHY,16,16,NA,NA,ART
21/FA,ART-116-02,INTRO TO PHOTOGRAPHY,13,16,NA,NA,ART
22/SP,ART-116-02,INTRO TO PHOTOGRAPHY,16,16,NA,NA,ART
21/FA,ART-160-01,FIGURE DRAWING,19,20,NA,NA,ART
22/SP,ART-160-01,FIGURE DRAWING,20,20,NA,NA,ART
21/FA,ART-203-01,INTRODUCTION TO PAINTING,15,16,NA,NA,ART
21/FA,ART-213-01,INTRODUCTION TO VIDEO,11,12,NA,NA,ART
22/SP,ART-213-01,INTRODUCTION TO VIDEO,11,12,NA,NA,ART
21/FA,ART-221-01,INTRO TO ANIMATION,12,12,NA,NA,ART
21/FA,ART-221-02,INTRO TO ANIMATION,10,12,NA,NA,ART
21/FA,ART-235-01,INTAGLIO PRINTMAKING,16,16,NA,NA,ART
22/SP,ART-235-01,INTAGLIO PRINTMAKING,16,16,NA,NA,ART
22/SP,ART-302-01,ADV PHOTO:ANALOG TECH,7,16,NA,NA,ART
21/FA,ART-304-01,ADVANCED PAINTING,12,16,NA,NA,ART
22/SP,ART-305-01,ADV PAINT: FIGURATIVE,18,16,NA,Experiential Learning,ART
22/SP,ART-305-01,ADV PAINT: FIGURATIVE,18,16,NA,Proseminar,ART
22/SP,ART-307-01,ADVANCED 3-D STUDIES,14,12,NA,NA,ART
22/SP,ART-377-01,DIGITAL ARTS WORKSHOP,10,12,NA,Proseminar,ART
21/FA,ART-380-01,JUNIOR SEMINAR,11,12,NA,Proseminar,ART
21/FA,ART-380-02,JUNIOR SEMINAR,9,12,NA,Proseminar,ART
21/FA,ART-501-01,SENIOR PROJECT,14,40,NA,NA,ART
22/SP,ART-502-01,SENIOR PROJECT,15,16,NA,NA,ART
22/SP,ARTH-101-01,INTRODUCTION TO ART HISTORY,39,40,NA,NA,ARTH
21/FA,ARTH-108-01,THE DIVINE BODY:S & SE ASIA,21,40,NA,NA,ARTH
21/FA,ARTH-120-01,INTRO HIST & THEORY FILM,31,40,7,NA,ARTH
22/SP,ARTH-125-01,SACRED ART OF SOUTH ASIA,18,40,NA,NA,ARTH
21/FA,ARTH-130-01,INTRO VISUAL STUDIES,17,16,5,Proseminar,ARTH
22/SP,ARTH-130-01,INTRO VISUAL STUDIES,20,16,12,Proseminar,ARTH
22/SP,ARTH-152W-01,INTERSECTIONS GLOBAL ART,16,16,NA,Writing Intensive Courses,ARTH
22/SP,ARTH-156-01,ARCHITECTURE IN HISTORY,36,40,NA,NA,ARTH
21/FA,ARTH-160-01,PHOTOGRAPHY CHANGES EVERYTHG,36,40,NA,NA,ARTH
22/SP,ARTH-205-01,VISUAL CULTURE MEDIEVAL WORLD,39,40,29,NA,ARTH
22/SP,ARTH-207-01,DOCUMENTARY PHOTOGRAPHY,16,16,5,Speaking Intensive Course,ARTH
22/SP,ARTH-225-01,MASS MEDIA & JEWISH EXPERIENC,10,12,4,NA,ARTH
22/SP,ARTH-231-01,ART AND FEMINISM,35,40,23,NA,ARTH
21/FA,ARTH-233W-01,FANTASTIC BEASTS & INDIAN OCN,12,18,NA,Writing Intensive Courses,ARTH
21/FA,ARTH-240W-01,VISUALIZING WWII: ART & MEDIA,15,18,12,Writing Intensive Courses,ARTH
22/SP,ARTH-246-01,Collecting India,4,12,4,NA,ARTH
21/FA,ARTH-284-01,NORTHERN RENAISSANCE ART,23,40,NA,NA,ARTH
21/FA,ARTH-292-01,MODERN ARCHITECTURE,23,40,NA,NA,ARTH
21/FA,ARTH-296-01,GLOBAL CONTEMPORARY ART,13,40,NA,NA,ARTH
22/SP,ARTH-303-01,ARCHITECTURE & RACE,10,12,NA,NA,ARTH
21/FA,ARTH-320W-01,RACE & RACISM IN MIDDLE AGES,5,12,NA,Writing Intensive Courses,ARTH
21/FA,ARTH-330W-01,THEORY METHODS ART HIST,7,18,NA,Writing Intensive Courses,ARTH
22/SP,ARTH-348-01,ART AND ARCHITECT OF BUDDHISM,2,20,NA,Speaking Intensive Course,ARTH
22/SP,ARTH-493W-01,SENIOR SEMINAR IN ART HISTORY,5,6,NA,Writing Intensive Courses,ARTH
22/SP,ARTH-493W-02,SENIOR SEMINAR IN ART HISTORY,5,6,NA,Writing Intensive Courses,ARTH
21/FA,ASNST-110W-01,"WHO, ME? BIO & LIFE WRITING",8,18,NA,Writing Intensive Courses,ASNST
21/FA,ASNST-115W-01,SCIENCE & ISLAM:GLOBAL HIST,3,18,NA,Writing Intensive Courses,ASNST
22/SP,ASNST-144W-01,INDIAN BUDDHISM,12,18,2,Writing Intensive Courses,ASNST
21/FA,ASNST-160-02,EVERYDAY ISLAM,23,40,13,NA,ASNST
22/SP,ASNST-180W-01,EXPLORING CULTURES ASIA,15,18,10,Writing Intensive Courses,ASNST
22/SP,ASNST-180W-02,EXPLORING CULTURES ASIA,11,18,6,Writing Intensive Courses,ASNST
22/SP,ASNST-214W-01,METAPHOR IN CHINESE LIT,7,20,NA,Writing Intensive Courses,ASNST
22/SP,ASNST-215-01,"MEDICINE, SCIENCE, & CULTURE",14,40,NA,NA,ASNST
22/SP,ASNST-225-01,MEDIEVAL CHINESE GHOST STORIE,37,40,NA,NA,ASNST
22/SP,ASNST-228-01,HISTORY OF IRAN,31,40,6,NA,ASNST
22/SP,ASNST-230-01,COMPLICATED BODIES,13,40,NA,NA,ASNST
22/SP,ASNST-330W-01,MUSLIM EMPIRES OF ASIA,5,18,NA,Writing Intensive Courses,ASNST
22/SP,ASNST-357W-01,"SEM DEATH,DYING,AFTERLIFE",7,12,1,Writing Intensive Courses,ASNST
21/FA,BICHM-346-02,BIOCHEMISTRY,27,30,7,NA,BICHM
21/FA,BICHM-346L-03,BIOCHEMISTRY LAB,15,20,1,NA,BICHM
21/FA,BIO-100D-01,EXB: NEURBIO&ANIMAL BEHAV,27,30,NA,Quantitative & Symbolic R,BIO
21/FA,BIO-100E-01,EXB: MICROBES RULE!,20,30,NA,Quantitative & Symbolic R,BIO
21/FA,BIO-100F-01,EXB: GENETIC ENGINEERING,27,30,NA,Quantitative & Symbolic R,BIO
22/SP,BIO-100H-01,EXB: DISEASE ECOLOGY,30,30,NA,Quantitative & Symbolic R,BIO
21/FA,BIO-100J-01,EXB: OUR BLUE PLANET,29,30,NA,Quantitative & Symbolic R,BIO
22/SP,BIO-100L-01,EXPLORATIONS OF BIO LAB,20,20,NA,NA,BIO
21/FA,BIO-100L-01,EXPLORATIONS OF BIO LAB,22,25,NA,NA,BIO
21/FA,BIO-100L-02,EXPLORATIONS OF BIO LAB,18,25,NA,NA,BIO
22/SP,BIO-100L-02,EXPLORATIONS OF BIO LAB,23,20,NA,NA,BIO
22/SP,BIO-100L-03,EXPLORATIONS OF BIO LAB,17,20,NA,NA,BIO
21/FA,BIO-100L-03,EXPLORATIONS OF BIO LAB,20,25,NA,NA,BIO
21/FA,BIO-100L-04,EXPLORATIONS OF BIO LAB,19,25,NA,NA,BIO
21/FA,BIO-100L-05,EXPLORATIONS OF BIO LAB,22,25,NA,NA,BIO
21/FA,BIO-100L-06,EXPLORATIONS OF BIO LAB,24,25,NA,NA,BIO
21/FA,BIO-100M-01,EXB:CONTAGION:INFECT DISEASE,22,30,NA,Quantitative & Symbolic R,BIO
22/SP,BIO-100M-01,EXB:CONTAGION:INFECT DISEASE,30,30,NA,Quantitative & Symbolic R,BIO
22/SP,BIO-213-01,MARINE ECOLOGY,39,40,NA,NA,BIO
21/FA,BIO-214-01,HEALTH CARE SYSTEMS,24,20,NA,NA,BIO
22/SP,BIO-221-01,MICROBIOLOGY,31,40,NA,Quantitative & Symbolic R,BIO
22/SP,BIO-221L-01,MICROBIOLOGY LAB,18,20,NA,NA,BIO
22/SP,BIO-221L-02,MICROBIOLOGY LAB,13,20,NA,NA,BIO
22/SP,BIO-222-01,HUMAN ANATOMY,29,30,NA,NA,BIO
22/SP,BIO-222-02,HUMAN ANATOMY,12,15,NA,NA,BIO
22/SP,BIO-222L-01,ANATOMY LAB,13,15,NA,NA,BIO
22/SP,BIO-222L-02,ANATOMY LAB,15,15,NA,NA,BIO
22/SP,BIO-222L-03,ANATOMY LAB,12,15,NA,NA,BIO
21/FA,BIO-226-01,WETLAND ECOLOGY CONSERVATION,8,20,NA,NA,BIO
21/FA,BIO-237-01,ECOLOGY,19,20,NA,NA,BIO
21/FA,BIO-237-02,ECOLOGY,15,20,NA,NA,BIO
22/SP,BIO-248-01,GENE AND GENOMES,37,40,NA,Quantitative & Symbolic R,BIO
22/SP,BIO-248-02,GENE AND GENOMES,20,20,NA,Quantitative & Symbolic R,BIO
22/SP,BIO-248L-01,GENES AND GENOMES LAB,18,20,NA,NA,BIO
22/SP,BIO-248L-02,GENES AND GENOMES LAB,20,20,NA,NA,BIO
22/SP,BIO-248L-03,GENES AND GENOMES LAB,19,20,NA,NA,BIO
22/SP,BIO-250-01,BIODIVERSITY,20,20,NA,NA,BIO
22/SP,BIO-298-02,BIOLOGY RESEARCH,6,40,NA,NA,BIO
21/FA,BIO-331-01,VERTEBRATE PHYSIOLOGY,13,14,NA,NA,BIO
21/FA,BIO-331-02,VERTEBRATE PHYSIOLOGY,14,14,NA,NA,BIO
21/FA,BIO-331-03,VERTEBRATE PHYSIOLOGY,11,10,NA,NA,BIO
21/FA,BIO-334-01,DEVELOPMENTAL GENETICS,16,16,NA,NA,BIO
21/FA,BIO-346-01,BIOCHEMISTRY,29,30,20,NA,BIO
21/FA,BIO-346L-01,BIOCHEMISTRY LAB,20,20,12,NA,BIO
21/FA,BIO-346L-02,BIOCHEMISTRY LAB,21,20,14,NA,BIO
21/FA,BIO-355-01,MICROBIAL ECOLOGY,7,13,NA,NA,BIO
22/SP,BIO-357-02,CELLULAR NEUROBIOLOGY,13,20,5,NA,BIO
22/SP,BIO-359-01,ENDOCRINOLOGY,20,40,NA,NA,BIO
21/FA,BIO-419W-01,LIFE & THE SEASONS,17,18,NA,Writing Intensive Courses,BIO
21/FA,BIO-427-01,SEM IN DISEASE & BEHAVIOR,10,12,NA,NA,BIO
21/FA,BIO-428-01,SEM IN GENETIC MEDICINE,13,12,NA,NA,BIO
21/FA,CHEM-120-02,PRINCIPLES OF CHEMISTRY,38,40,NA,Quantitative & Symbolic R,CHEM
21/FA,CHEM-120-03,PRINCIPLES OF CHEMISTRY,43,40,NA,Quantitative & Symbolic R,CHEM
21/FA,CHEM-120-04,PRINCIPLES OF CHEMISTRY,37,40,NA,Quantitative & Symbolic R,CHEM
21/FA,CHEM-120L-01,PRINCIPLES CHEM LAB,28,32,NA,NA,CHEM
21/FA,CHEM-120L-02,PRINCIPLES CHEM LAB,25,32,NA,NA,CHEM
21/FA,CHEM-120L-03,PRINCIPLES CHEM LAB,23,32,NA,NA,CHEM
21/FA,CHEM-120L-04,PRINCIPLES CHEM LAB,31,32,NA,NA,CHEM
21/FA,CHEM-120L-05,PRINCIPLES CHEM LAB,11,32,NA,NA,CHEM
22/SP,CHEM-190-01,ORGANIC CHEMISTRY I,21,40,NA,NA,CHEM
22/SP,CHEM-190-02,ORGANIC CHEMISTRY I,39,40,NA,NA,CHEM
22/SP,CHEM-190-03,ORGANIC CHEMISTRY I,27,40,NA,NA,CHEM
22/SP,CHEM-190L-01,ORGANIC CHEMISTRY I LAB,19,20,NA,NA,CHEM
22/SP,CHEM-190L-02,ORGANIC CHEMISTRY I LAB,17,20,NA,NA,CHEM
22/SP,CHEM-190L-03,ORGANIC CHEMISTRY I LAB,10,20,NA,NA,CHEM
22/SP,CHEM-190L-04,ORGANIC CHEMISTRY I LAB,18,20,NA,NA,CHEM
22/SP,CHEM-190L-05,ORGANIC CHEMISTRY I LAB,14,20,NA,NA,CHEM
22/SP,CHEM-190L-06,ORGANIC CHEMISTRY I LAB,9,20,NA,NA,CHEM
21/FA,CHEM-255-01,ORGANIC CHEMISTRY II,39,40,NA,NA,CHEM
21/FA,CHEM-255-02,ORGANIC CHEMISTRY II,27,40,NA,NA,CHEM
21/FA,CHEM-255L-01,ORGANIC CHEM II LAB,18,20,NA,NA,CHEM
21/FA,CHEM-255L-02,ORGANIC CHEM II LAB,19,20,NA,NA,CHEM
21/FA,CHEM-255L-03,ORGANIC CHEM II LAB,19,20,NA,NA,CHEM
21/FA,CHEM-255L-04,ORGANIC CHEM II LAB,10,20,NA,NA,CHEM
22/SP,CHEM-265-01,INORGANIC CHEMISTRY,15,40,NA,NA,CHEM
22/SP,CHEM-265L-01,INORGANIC CHEMISTRY LAB,10,20,NA,NA,CHEM
22/SP,CHEM-265L-02,INORGANIC CHEMISTRY LAB,5,20,NA,NA,CHEM
22/SP,CHEM-270-01,BIOLOGICAL CHEMISTRY,19,40,13,Quantitative & Symbolic R,CHEM
22/SP,CHEM-270-02,BIOLOGICAL CHEMISTRY,38,40,26,Quantitative & Symbolic R,CHEM
22/SP,CHEM-270L-01,BIOLOGICAL CHEMISTRY LAB,14,16,10,NA,CHEM
22/SP,CHEM-270L-02,BIOLOGICAL CHEMISTRY LAB,11,13,7,NA,CHEM
22/SP,CHEM-270L-03,BIOLOGICAL CHEMISTRY LAB,6,16,5,NA,CHEM
22/SP,CHEM-270L-04,BIOLOGICAL CHEMISTRY LAB,13,13,11,NA,CHEM
22/SP,CHEM-270L-05,BIOLOGICAL CHEMISTRY LAB,13,13,8,NA,CHEM
21/FA,CHEM-298-01,CHEMISTRY RESEARCH,14,40,NA,NA,CHEM
22/SP,CHEM-298-01,CHEMISTRY RESEARCH,15,40,NA,NA,CHEM
21/FA,CHEM-321-01,PHYSICAL CHEMISTRY I,11,40,9,Quantitative & Symbolic R,CHEM
22/SP,CHEM-322-01,PHYSICAL CHEMISTRY II,14,40,10,Quantitative & Symbolic R,CHEM
22/SP,CHEM-325-01,PHYSICAL METHOD CHEM ANALYSIS,3,12,NA,Quantitative & Symbolic R,CHEM
21/FA,CHEM-325-01,PHYSICAL METHOD CHEM ANALYSIS,7,12,NA,Quantitative & Symbolic R,CHEM
21/FA,CHEM-327-01,METALS IN BIOLOGY,9,12,NA,NA,CHEM
22/SP,CHEM-328-01,CHEMISTRY OF BREWING,12,12,NA,NA,CHEM
22/SP,CHEM-329-01,ANTIBIOTICS,9,12,NA,NA,CHEM
22/SP,CHEM-330-01,CHEMISTRY IN SPACE,8,12,NA,NA,CHEM
22/SP,CHEM-348-01,"SCI, TECHNOLOGY & SOCIETY",22,40,9,NA,CHEM
21/FA,CHEM-360W-01,ORG SYNTHESIS HUMAN HEALTH,21,18,NA,Writing Intensive Courses,CHEM
21/FA,CHEM-371W-01,RESEARCH METHODS IN CHEM,5,12,NA,Writing Intensive Courses,CHEM
21/FA,CHEM-551-01,SENIOR PROJECT,12,40,NA,NA,CHEM
22/SP,CHEM-552-01,SENIOR PROJECT,14,40,NA,NA,CHEM
21/FA,CHNSE-110-01,FIRST TERM CHINESE,16,16,NA,NA,CHNSE
21/FA,CHNSE-110-02,FIRST TERM CHINESE,10,16,NA,NA,CHNSE
22/SP,CHNSE-120-01,SECOND TERM CHINESE,8,16,NA,NA,CHNSE
22/SP,CHNSE-120-02,SECOND TERM CHINESE,13,16,NA,NA,CHNSE
21/FA,CHNSE-130-01,THIRD TERM CHINESE,9,16,NA,NA,CHNSE
22/SP,CHNSE-140-01,FOURTH TERM CHINESE,10,16,NA,NA,CHNSE
21/FA,CHNSE-160-01,MODERN CHINA THROUGH FILM,39,40,24,NA,CHNSE
21/FA,CHNSE-200-01,THIRD YEAR CHINESE 1,13,16,NA,NA,CHNSE
22/SP,CHNSE-220-01,ADVANCED CHINESE II,14,16,NA,Proseminar,CHNSE
22/SP,CHNSE-436-01,CHINESE LEGENDS IN FILM,17,20,10,Speaking Intensive Course,CHNSE
21/FA,CLASC-125-01,CHURCH & STATE:REL ED IN ROME,7,40,4,NA,CLASC
22/SP,CLASC-125-01,CHURCH & STATE:REL ED IN ROME,24,40,16,NA,CLASC
22/SP,CLASC-208W-01,GREEK AND ROMAN MEDICINE,20,18,NA,Writing Intensive Courses,CLASC
21/FA,CLASC-240-01,CLASSICAL MYTHOLOGY,40,40,39,NA,CLASC
22/SP,CLASC-314W-01,DEFINING GOD,12,18,9,Writing Intensive Courses,CLASC
22/SP,CLASC-345W-01,LIFE DEATH AND THE COSMOS,5,18,NA,Writing Intensive Courses,CLASC
21/FA,CLNG-141-01,FIRST TERM KOREAN,10,10,NA,NA,CLNG
22/SP,CLNG-142-01,SECOND TERM KOREAN,9,10,NA,NA,CLNG
21/FA,CLNG-207-01,THIRD TERM HEBREW,2,10,NA,NA,CLNG
21/FA,CLNG-241-01,THIRD TERM KOREAN,4,10,NA,NA,CLNG
22/SP,CLNG-242-01,FOURTH TERM KOREAN,3,10,NA,NA,CLNG
21/FA,CLNG-341-01,FIFTH TERM KOREAN,5,10,NA,NA,CLNG
22/SP,CLNG-342-01,SIXTH TERM KOREAN,3,10,NA,NA,CLNG
22/SP,CNMS-120-01,INTRO HIST & THEORY FILM,26,40,16,NA,CNMS
21/FA,CNMS-301-01,AVANT GARDE CINEMA,31,40,19,NA,CNMS
22/SP,CNMS-401-01,META-CINEMA,3,40,NA,NA,CNMS
21/FA,CNMS-442-01,POST MAO-CHINA,16,40,1,Speaking Intensive Course,CNMS
21/FA,CNMS-500-01,SR SEM CINEMA MEDIA STUDIES,5,12,NA,NA,CNMS
21/FA,COLEG-217-01,GENRES ORAL COMMUNICATION,18,20,NA,Speaking Intensive Course,COLEG
22/SP,COLEG-341-01,LEVITT LEADERSHIP INSTITUTE,14,20,13,NA,COLEG
21/FA,COLEG-395-01,NYC: SPECIAL TOPIC,15,16,NA,NA,COLEG
21/FA,COLEG-396-01,NYC: INDEP RESEARCH,15,16,NA,NA,COLEG
21/FA,COLEG-397-01,NYC: INTERNSHIP,15,16,NA,NA,COLEG
21/FA,COLEG-398-01,NYC: SEM GLOBAL PROCESSES,15,16,NA,NA,COLEG
22/SP,CPSCI-101-01,COMPUTER SCIENCE FOR ALL,54,60,NA,Quantitative & Symbolic R,CPSCI
21/FA,CPSCI-101-01,COMPUTER SCIENCE FOR ALL,57,60,NA,Quantitative & Symbolic R,CPSCI
21/FA,CPSCI-101-02,COMPUTER SCIENCE FOR ALL,53,60,NA,Quantitative & Symbolic R,CPSCI
21/FA,CPSCI-101L-01,COMPUTER SCIENCE FOR ALL LAB,19,20,NA,NA,CPSCI
22/SP,CPSCI-101L-01,COMPUTER SCIENCE FOR ALL LAB,19,20,NA,NA,CPSCI
22/SP,CPSCI-101L-02,COMPUTER SCIENCE FOR ALL LAB,18,20,NA,NA,CPSCI
21/FA,CPSCI-101L-02,COMPUTER SCIENCE FOR ALL LAB,19,20,NA,NA,CPSCI
22/SP,CPSCI-101L-03,COMPUTER SCIENCE FOR ALL LAB,17,20,NA,NA,CPSCI
21/FA,CPSCI-101L-03,COMPUTER SCIENCE FOR ALL LAB,18,20,NA,NA,CPSCI
21/FA,CPSCI-101L-04,COMPUTER SCIENCE FOR ALL LAB,17,20,NA,NA,CPSCI
21/FA,CPSCI-101L-05,COMPUTER SCIENCE FOR ALL LAB,19,20,NA,NA,CPSCI
21/FA,CPSCI-101L-06,COMPUTER SCIENCE FOR ALL LAB,18,20,NA,NA,CPSCI
21/FA,CPSCI-102-01,DESIGN PRINCIPLES,19,40,NA,Quantitative & Symbolic R,CPSCI
22/SP,CPSCI-102-01,DESIGN PRINCIPLES,40,40,NA,Quantitative & Symbolic R,CPSCI
21/FA,CPSCI-102L-01,DESIGN PRINCIPLES LAB,13,20,NA,NA,CPSCI
22/SP,CPSCI-102L-01,DESIGN PRINCIPLES LAB,20,20,NA,NA,CPSCI
21/FA,CPSCI-102L-02,DESIGN PRINCIPLES LAB,6,20,NA,NA,CPSCI
22/SP,CPSCI-102L-02,DESIGN PRINCIPLES LAB,20,20,NA,NA,CPSCI
22/SP,CPSCI-200-01,SSIH COURSE,6,40,NA,NA,CPSCI
21/FA,CPSCI-200-01,SSIH COURSE,18,40,NA,NA,CPSCI
21/FA,CPSCI-205-01,TECHNOLOGIES SEMINAR,5,12,NA,NA,CPSCI
21/FA,CPSCI-210-01,APPLIED THEORY,22,40,NA,Quantitative & Symbolic R,CPSCI
22/SP,CPSCI-220-01,PRIN PROGRAMMING LANG,23,24,NA,NA,CPSCI
21/FA,CPSCI-220-01,PRIN PROGRAMMING LANG,24,24,NA,NA,CPSCI
22/SP,CPSCI-230-01,ALGORITHMS & DATA STRUCTURES,15,40,NA,Quantitative & Symbolic R,CPSCI
21/FA,CPSCI-230-01,ALGORITHMS & DATA STRUCTURES,31,40,NA,Quantitative & Symbolic R,CPSCI
22/SP,CPSCI-240-01,COMPUTER ORGANIZATION,22,24,NA,NA,CPSCI
21/FA,CPSCI-307-01,TOPICS COMPUTER SCI II,11,10,NA,NA,CPSCI
22/SP,CPSCI-307-01,TOPICS COMPUTER SCI II,27,24,NA,NA,CPSCI
21/FA,CPSCI-310-01,COMPILERS,16,24,NA,NA,CPSCI
22/SP,CPSCI-375-01,ARTIFICIAL INTELLIGENCE,26,24,26,NA,CPSCI
21/FA,CPSCI-410-01,SENIOR SEMINAR,8,12,NA,NA,CPSCI
21/FA,CPSCI-410-02,SENIOR SEMINAR,11,12,NA,NA,CPSCI
21/FA,CRWR-215-01,INTRO CREATIVE WRITG,13,16,NA,Proseminar,CRWR
22/SP,CRWR-215-01,INTRO CREATIVE WRITG,15,16,NA,Proseminar,CRWR
21/FA,CRWR-215-02,INTRO CREATIVE WRITG,16,16,NA,Proseminar,CRWR
22/SP,CRWR-215-02,INTRO CREATIVE WRITG,16,16,NA,Proseminar,CRWR
22/SP,CRWR-215-03,INTRO CREATIVE WRITG,16,16,NA,Proseminar,CRWR
21/FA,CRWR-215-03,INTRO CREATIVE WRITG,17,16,NA,Proseminar,CRWR
22/SP,CRWR-248-01,LETTERPRESS STUDIO,6,6,NA,Experiential Learning,CRWR
21/FA,CRWR-304-01,INTER CRWR:POETRY WORKSHOP,8,16,NA,NA,CRWR
22/SP,CRWR-304-01,INTER CRWR:POETRY WORKSHOP,15,16,NA,NA,CRWR
21/FA,CRWR-305-01,INTER CRWR:FICTION WORKSHOP,15,16,NA,NA,CRWR
22/SP,CRWR-305-01,INTER CRWR:FICTION WORKSHOP,15,16,NA,NA,CRWR
21/FA,CRWR-309-01,CREATIVE NON-FICT WORKSHOP,15,16,NA,NA,CRWR
22/SP,CRWR-419-01,SEMINAR CREATIVE WRITING,8,8,NA,NA,CRWR
22/SP,CRWR-419-02,SEMINAR CREATIVE WRITING,7,8,NA,NA,CRWR
21/FA,CRWR-498-01,HONORS PROJECT CRWR,6,8,NA,NA,CRWR
21/FA,DANCE-112-01,ELEMENTARY CONTEMP DANCE,27,25,NA,NA,DANCE
22/SP,DANCE-114-01,ELEMENTARY BALLET,26,25,NA,NA,DANCE
21/FA,DANCE-141-01,PERFORMANCE,10,40,NA,NA,DANCE
21/FA,DANCE-141-03,PERFORMANCE,10,40,NA,NA,DANCE
22/SP,DANCE-142-01,PERFORMANCE,19,40,NA,NA,DANCE
21/FA,DANCE-201W-01,HISTORY OF DANCE,13,18,NA,Writing Intensive Courses,DANCE
22/SP,DANCE-203-01,MOVEMENT ANALYSIS,12,15,NA,NA,DANCE
21/FA,DANCE-205-01,KINESIOLOGY,35,30,NA,NA,DANCE
22/SP,DANCE-205-01,KINESIOLOGY,41,30,NA,NA,DANCE
21/FA,DANCE-208-01,MARTIAL ARTS & DANCE,47,35,NA,NA,DANCE
22/SP,DANCE-208-01,MARTIAL ARTS & DANCE,56,35,NA,NA,DANCE
21/FA,DANCE-215-01,INTERMEDIATE BALLET,13,25,NA,NA,DANCE
22/SP,DANCE-215-01,INTERMEDIATE BALLET,14,25,NA,NA,DANCE
21/FA,DANCE-307-01,CHOREOGRAPHY,10,15,NA,NA,DANCE
22/SP,DANCE-308-01,ADV MARTIAL ARTS & DANCE,37,25,NA,NA,DANCE
22/SP,DANCE-560-01,SENIOR PERF.&PRODUCTN,3,40,NA,NA,DANCE
21/FA,DANCE-560-75,Senior Perf.&productn - I.C.,3,10,NA,NA,DANCE
21/FA,DARTS-105-01,INTRO TO MEDIA:INTEGRATED MED,12,12,NA,NA,DARTS
22/SP,DARTS-105-01,INTRO TO MEDIA:INTEGRATED MED,14,12,13,NA,DARTS
22/SP,DARTS-231-01,NEW FRONTIERS: STORYTELLING,14,16,14,NA,DARTS
21/FA,DARTS-240-01,"PERFORMANCE, RITUAL & TECHNOL",13,16,4,NA,DARTS
22/SP,DARTS-313-01,ROBOT MUSICALS & TECH OPERA,5,12,5,NA,DARTS
22/SP,ECON-100-01,INTRODUCTION TO ECONOMICS,15,40,NA,Quantitative & Symbolic R,ECON
21/FA,ECON-100-01,INTRODUCTION TO ECONOMICS,37,40,NA,Quantitative & Symbolic R,ECON
22/SP,ECON-100-02,INTRODUCTION TO ECONOMICS,12,40,NA,Quantitative & Symbolic R,ECON
21/FA,ECON-100-02,INTRODUCTION TO ECONOMICS,40,40,NA,Quantitative & Symbolic R,ECON
22/SP,ECON-100-03,INTRODUCTION TO ECONOMICS,30,40,NA,Quantitative & Symbolic R,ECON
21/FA,ECON-100-03,INTRODUCTION TO ECONOMICS,36,40,NA,Quantitative & Symbolic R,ECON
22/SP,ECON-100-04,INTRODUCTION TO ECONOMICS,32,40,NA,Quantitative & Symbolic R,ECON
21/FA,ECON-100-04,INTRODUCTION TO ECONOMICS,37,40,NA,Quantitative & Symbolic R,ECON
21/FA,ECON-100-05,INTRODUCTION TO ECONOMICS,39,40,NA,Quantitative & Symbolic R,ECON
21/FA,ECON-100-06,INTRODUCTION TO ECONOMICS,35,40,NA,Quantitative & Symbolic R,ECON
21/FA,ECON-166-01,ECON THEORY & EVIDENCE,25,40,NA,Quantitative & Symbolic R,ECON
22/SP,ECON-166-01,ECON THEORY & EVIDENCE,33,40,NA,Quantitative & Symbolic R,ECON
22/SP,ECON-166-02,ECON THEORY & EVIDENCE,35,40,NA,Quantitative & Symbolic R,ECON
21/FA,ECON-166-02,ECON THEORY & EVIDENCE,38,40,NA,Quantitative & Symbolic R,ECON
22/SP,ECON-166-03,ECON THEORY & EVIDENCE,33,40,NA,Quantitative & Symbolic R,ECON
22/SP,ECON-166-04,ECON THEORY & EVIDENCE,34,40,NA,Quantitative & Symbolic R,ECON
22/SP,ECON-220-01,CORPORATE FINANCE,40,40,NA,Quantitative & Symbolic R,ECON
21/FA,ECON-230-01,ACCOUNTING,39,40,NA,Quantitative & Symbolic R,ECON
22/SP,ECON-266-01,INTRO TO ECONOMETRICS,19,20,NA,Quantitative & Symbolic R,ECON
21/FA,ECON-266-01,INTRO TO ECONOMETRICS,22,20,NA,Quantitative & Symbolic R,ECON
22/SP,ECON-266-02,INTRO TO ECONOMETRICS,19,20,NA,Quantitative & Symbolic R,ECON
21/FA,ECON-266-02,INTRO TO ECONOMETRICS,20,20,NA,Quantitative & Symbolic R,ECON
22/SP,ECON-266-03,INTRO TO ECONOMETRICS,22,20,NA,Quantitative & Symbolic R,ECON
22/SP,ECON-266-04,INTRO TO ECONOMETRICS,18,20,NA,Quantitative & Symbolic R,ECON
22/SP,ECON-275-01,MICROECONOMIC THEORY,24,27,NA,Quantitative & Symbolic R,ECON
21/FA,ECON-275-01,MICROECONOMIC THEORY,25,27,NA,Quantitative & Symbolic R,ECON
22/SP,ECON-275-02,MICROECONOMIC THEORY,14,27,NA,Quantitative & Symbolic R,ECON
21/FA,ECON-275-02,MICROECONOMIC THEORY,21,27,NA,Quantitative & Symbolic R,ECON
21/FA,ECON-275-03,MICROECONOMIC THEORY,20,27,NA,Quantitative & Symbolic R,ECON
22/SP,ECON-285-01,MACROECONOMIC THEORY,27,27,NA,Quantitative & Symbolic R,ECON
21/FA,ECON-285-01,MACROECONOMIC THEORY,30,27,NA,Quantitative & Symbolic R,ECON
22/SP,ECON-285-02,MACROECONOMIC THEORY,24,27,NA,Quantitative & Symbolic R,ECON
21/FA,ECON-285-02,MACROECONOMIC THEORY,26,27,NA,Quantitative & Symbolic R,ECON
22/SP,ECON-285-03,MACROECONOMIC THEORY,27,27,NA,Quantitative & Symbolic R,ECON
22/SP,ECON-307-01,"MONEY, BANKS, & THE ECONOMY",34,40,NA,NA,ECON
22/SP,ECON-314-01,ECONOMICS OF DISCRIMINATION,20,20,NA,Speaking Intensive Course,ECON
21/FA,ECON-318W-01,ECON TECH & INNOVATION,17,18,NA,Writing Intensive Courses,ECON
21/FA,ECON-325W-01,COMP ECONOMIC SYSTEMS,14,18,NA,Writing Intensive Courses,ECON
22/SP,ECON-331-01,INTERNATIONAL TRADE,9,40,NA,NA,ECON
21/FA,ECON-331-01,INTERNATIONAL TRADE,27,40,NA,NA,ECON
21/FA,ECON-340-01,ECONOMIC DEVELOPMENT,41,40,NA,Quantitative & Symbolic R,ECON
22/SP,ECON-342-01,URBAN ECONOMICS,36,40,NA,NA,ECON
22/SP,ECON-365W-01,AMERICAN ECON HISTORY,18,18,NA,Writing Intensive Courses,ECON
21/FA,ECON-390-01,ECON OF LABOR MARKET POLICY,8,40,NA,NA,ECON
22/SP,ECON-413-01,TOPICS IN MACROECONOMICS,15,20,NA,NA,ECON
21/FA,ECON-417-01,TOPICS IN ENVIRONMEN ECONOMIC,16,20,NA,NA,ECON
22/SP,ECON-419-01,ECONOMICS OF HAPPINESS,17,20,NA,NA,ECON
21/FA,ECON-421-01,DEVELOPMENT ECONOMICS,14,20,NA,NA,ECON
21/FA,ECON-425-01,FINANCIAL ECONOMICS,12,20,NA,NA,ECON
21/FA,ECON-425-02,FINANCIAL ECONOMICS,18,20,NA,NA,ECON
22/SP,ECON-432-01,INTERNATIONAL FINANCE,14,20,NA,NA,ECON
21/FA,ECON-463-01,ECONOMICS OF HR MGMT PRACTICE,11,20,NA,NA,ECON
22/SP,ECON-501-01,SR PROJ IN INTL FINANCE,12,12,NA,NA,ECON
21/FA,ECON-503-01,SR PROJECT ECON HR MNGMT PRAC,11,12,NA,NA,ECON
22/SP,ECON-504-01,SR PROJECT IN MACROECONOMICS,9,12,NA,NA,ECON
21/FA,ECON-505-01,SR PROJ IN ECON DEVELOPMENT,9,12,NA,NA,ECON
22/SP,ECON-512-01,SR PROJ ECON OF HAPPINESS,9,12,NA,NA,ECON
21/FA,ECON-514-01,SENIOR PROJECT ENVIRON ECON,12,12,NA,NA,ECON
22/SP,ECON-560-01,RESEARCH SEMINAR,6,6,NA,NA,ECON
22/SP,ECON-560-02,RESEARCH SEMINAR,3,6,NA,NA,ECON
22/SP,ECON-560-03,RESEARCH SEMINAR,4,6,NA,NA,ECON
22/SP,ECON-560-04,RESEARCH SEMINAR,5,6,NA,NA,ECON
22/SP,ECON-560-05,RESEARCH SEMINAR,6,6,NA,NA,ECON
22/SP,ECON-560-06,RESEARCH SEMINAR,5,6,NA,NA,ECON
21/FA,EDUC-102-01,ISSUES IN EDUCATION,41,40,NA,NA,EDUC
22/SP,EDUC-202-01,METHOD TUTOR ESOL STUDENT II,4,20,NA,NA,EDUC
22/SP,EDUC-203-01,ETHNOGRAPHY & EDUCATION,19,18,NA,NA,EDUC
21/FA,EDUC-207W-01,THE UNIVERSITY,19,18,15,Writing Intensive Courses,EDUC
22/SP,EDUC-345-01,READING SEMINAR EDUC POLICY,13,12,8,NA,EDUC
22/SP,EDUC-370-01,EDUCATION PRACTICUM,8,15,NA,NA,EDUC
22/SP,ENVST-110-01,INTRO TO ENVIRONMENTAL STUDIE,40,40,NA,NA,ENVST
21/FA,ENVST-110-01,INTRO TO ENVIRONMENTAL STUDIE,42,40,NA,NA,ENVST
21/FA,ENVST-206-01,INTRO TO ENVIRONMENTAL DATA,24,24,NA,Quantitative & Symbolic R,ENVST
21/FA,ENVST-212-01,CLIMATE CHANGE,42,34,35,NA,ENVST
21/FA,ENVST-220-01,CULT&NAT HIST ADIRONDACK,12,16,NA,Proseminar,ENVST
21/FA,ENVST-224-01,ENVIRONMENTAL FUTURES,17,40,NA,NA,ENVST
21/FA,ENVST-234-01,ENVIRONMENTAL JUSTICE,16,16,NA,Proseminar,ENVST
22/SP,ENVST-234-01,ENVIRONMENTAL JUSTICE,37,40,NA,Proseminar,ENVST
21/FA,ENVST-234-02,ENVIRONMENTAL JUSTICE,15,16,NA,Proseminar,ENVST
21/FA,ENVST-237-01,INTRO SCIENCE OF FOOD,15,20,NA,Proseminar,ENVST
22/SP,ENVST-280-01,DESGN COMMNTY CONVERSAT,3,12,NA,Experiential Learning,ENVST
22/SP,ENVST-290-01,NATURE & TECHNOLOGY,39,40,NA,NA,ENVST
22/SP,ENVST-291-01,ENVIRONMENTAL STUDIES RESEAR,11,40,NA,NA,ENVST
21/FA,ENVST-302-01,ARCHITECTURE & ENVIRONMENT,14,12,11,NA,ENVST
21/FA,ENVST-318-01,ENVIRONMENTAL CONFLICT,21,20,NA,Speaking Intensive Course,ENVST
21/FA,ENVST-320W-01,RENEWABLE ENERGY SYSTEMS,19,18,NA,Writing Intensive Courses,ENVST
22/SP,ENVST-325-01,ENVIRONMENTAL DATA SCIENCE,10,15,NA,NA,ENVST
21/FA,ENVST-340-01,CHANGING ARCTIC ECOSYSTEMS,8,40,NA,NA,ENVST
22/SP,ENVST-380-01,COMMUNITY ENGAGED COMM,18,16,NA,Experiential Learning,ENVST
22/SP,ENVST-520-01,SENIOR CAPSTONE PRACTICUM,15,40,NA,NA,ENVST
21/FA,FRNCH-110-01,ELEMENTARY FRENCH,14,16,NA,NA,FRNCH
22/SP,FRNCH-120-01,SECOND TERM FRENCH,10,16,NA,Proseminar,FRNCH
21/FA,FRNCH-130-01,INTERMEDIATE FRENCH I,11,16,NA,Proseminar,FRNCH
21/FA,FRNCH-130-02,INTERMEDIATE FRENCH I,10,16,NA,Proseminar,FRNCH
21/FA,FRNCH-140-01,INTERMEDIATE FRENCH II,10,16,NA,NA,FRNCH
22/SP,FRNCH-140-01,INTERMEDIATE FRENCH II,11,16,NA,NA,FRNCH
22/SP,FRNCH-140-02,INTERMEDIATE FRENCH II,8,16,NA,NA,FRNCH
21/FA,FRNCH-140-02,INTERMEDIATE FRENCH II,10,16,NA,NA,FRNCH
21/FA,FRNCH-200W-01,WRITTEN & ORAL ARGUMENTATN,10,16,NA,Writing Intensive Courses,FRNCH
22/SP,FRNCH-200W-01,INTRO FRENCH STUDIES,12,18,NA,Writing Intensive Courses,FRNCH
21/FA,FRNCH-200W-02,WRITTEN & ORAL ARGUMENTATN,8,16,NA,Writing Intensive Courses,FRNCH
21/FA,FRNCH-211-01,READ IN FRNCH I:FASHION IDENT,14,16,NA,Proseminar,FRNCH
22/SP,FRNCH-212-01,"CRIME, CULTURE, FICTION",18,16,NA,Proseminar,FRNCH
22/SP,FRNCH-280-01,FRANCOPHONE CULTURES,6,16,NA,Proseminar,FRNCH
21/FA,FRNCH-285-01,1968: IS PARIS BURNING?,17,16,NA,Proseminar,FRNCH
21/FA,FRNCH-326-01,ECOCRITIQUE:ENVIRON LIT FRNCH,12,16,NA,Proseminar,FRNCH
22/SP,FRNCH-356-01,WRITING THE SELF,8,16,NA,Proseminar,FRNCH
22/SP,FRNCH-423-01,GENDER AND IMMIGRATION,12,12,NA,NA,FRNCH
21/FA,FRNCH-455-01,THE AFRICAN NOVEL,11,12,NA,NA,FRNCH
21/FA,GEOSC-103-01,GEOL HUMAN EVENTS N. AFRICA,18,15,16,Quantitative & Symbolic R,GEOSC
21/FA,GEOSC-110-01,ENVIRONMENTAL GEOLOGY,28,24,NA,Quantitative & Symbolic R,GEOSC
22/SP,GEOSC-112-01,THE MARINE ENVIRONMENT,23,24,NA,Quantitative & Symbolic R,GEOSC
22/SP,GEOSC-115-01,EVOLUTION AND ENVIRONMENT,26,24,NA,Quantitative & Symbolic R,GEOSC
22/SP,GEOSC-209-01,HYDROGEOLOGY,7,24,NA,Quantitative & Symbolic R,GEOSC
21/FA,GEOSC-211-01,SEDIMENTOLOGY&STRATIGRAPHY,8,24,NA,Quantitative & Symbolic R,GEOSC
22/SP,GEOSC-213-01,FIRE AND ICE SEMINAR ICELAND,6,13,NA,Quantitative & Symbolic R,GEOSC
22/SP,GEOSC-214-01,DRONES AND PHONES SEMINAR,10,13,NA,Quantitative & Symbolic R,GEOSC
21/FA,GEOSC-220-01,MINERALOGY,4,24,NA,Quantitative & Symbolic R,GEOSC
22/SP,GEOSC-230-01,STRUCTURAL GEOLOGY,12,24,NA,Quantitative & Symbolic R,GEOSC
22/SP,GEOSC-238-01,AGE OF DINOSAURS,24,24,NA,NA,GEOSC
21/FA,GEOSC-250-01,SEM GEOLOGY OF DESERT SW,20,20,NA,NA,GEOSC
22/SP,GEOSC-275W-01,ORIGINS NATURAL SYSTEMS,10,18,NA,Quantitative & Symbolic R,GEOSC
21/FA,GEOSC-290-01,PALEONTOLOGY,9,24,8,NA,GEOSC
21/FA,GEOSC-309-01,ADV HYDROGEOLOGY & ENVIR,5,24,NA,Quantitative & Symbolic R,GEOSC
21/FA,GEOSC-380-01,GIS FOR GEOSCIENTISTS,9,13,NA,Quantitative & Symbolic R,GEOSC
21/FA,GEOSC-551-01,SENIOR SEMINAR I,10,40,NA,NA,GEOSC
22/SP,GEOSC-552-01,SENIOR SEMINAR II,10,40,NA,NA,GEOSC
21/FA,GERMN-110-01,FIRST TERM GERMAN,9,16,NA,NA,GERMN
22/SP,GERMN-120-01,SECOND TERM GERMAN,9,40,NA,NA,GERMN
21/FA,GERMN-130-01,THIRD TERM GERMAN,6,40,NA,NA,GERMN
22/SP,GERMN-140-01,INTRO GERMN LIT & CULTURE,6,40,NA,NA,GERMN
21/FA,GERMN-142W-01,REGARDING THE PAIN OF OTHERS,12,18,NA,Writing Intensive Courses,GERMN
21/FA,GERMN-200W-01,TOPIC ADV READING & WRITG,3,18,NA,Writing Intensive Courses,GERMN
22/SP,GERMN-310-01,FROM GOETHE TO GRASS,3,40,NA,NA,GERMN
21/FA,GERMN-440-01,MODERN LIT GERMN COUNTRIES,2,40,NA,NA,GERMN
22/SP,GOVT-112-01,COMPARATIVE POLITICS,39,40,NA,NA,GOVT
22/SP,GOVT-112-02,COMPARATIVE POLITICS,37,40,NA,NA,GOVT
21/FA,GOVT-112W-01,COMPARATIVE POLITICS,14,16,NA,Proseminar,GOVT
21/FA,GOVT-112W-02,COMPARATIVE POLITICS,17,16,NA,Proseminar,GOVT
21/FA,GOVT-112W-03,COMPARATIVE POLITICS,7,16,NA,Writing Intensive Courses,GOVT
21/FA,GOVT-112W-04,COMPARATIVE POLITICS,16,16,NA,First Year Courses,GOVT
21/FA,GOVT-112W-05,COMPARATIVE POLITICS,14,16,NA,First Year Courses,GOVT
21/FA,GOVT-114-01,INTERNATIONAL RELATNS,31,40,NA,NA,GOVT
21/FA,GOVT-114-02,INTERNATIONAL RELATNS,27,40,NA,NA,GOVT
22/SP,GOVT-114W-01,INTERNATIONAL RELATIONS,16,16,NA,Writing Intensive Courses,GOVT
22/SP,GOVT-114W-02,INTERNATIONAL RELATIONS,16,16,NA,Writing Intensive Courses,GOVT
22/SP,GOVT-114W-03,INTERNATIONAL RELATIONS,20,16,NA,First Year Courses,GOVT
22/SP,GOVT-114W-04,INTERNATIONAL RELATIONS,15,16,NA,Writing Intensive Courses,GOVT
21/FA,GOVT-116-01,AMER POLITICAL PROCESS,32,40,NA,NA,GOVT
21/FA,GOVT-116-02,AMER POLITICAL PROCESS,39,40,NA,NA,GOVT
22/SP,GOVT-116W-01,AMER POLITICAL PROCESS,18,16,NA,Proseminar,GOVT
22/SP,GOVT-116W-02,AMER POLITICAL PROCESS,16,16,NA,Writing Intensive Courses,GOVT
22/SP,GOVT-117W-01,INTRO POLITICAL THEORY,17,16,13,Writing Intensive Courses,GOVT
21/FA,GOVT-117W-01,INTRO POLITICAL THEORY,18,16,14,Writing Intensive Courses,GOVT
22/SP,GOVT-117W-02,INTRO POLITICAL THEORY,15,16,10,Writing Intensive Courses,GOVT
21/FA,GOVT-117W-02,INTRO POLITICAL THEORY,18,16,16,Writing Intensive Courses,GOVT
22/SP,GOVT-117W-03,INTRO POLITICAL THEORY,14,16,11,Proseminar,GOVT
22/SP,GOVT-117W-05,INTRO POLITICAL THEORY,17,16,13,Writing Intensive Courses,GOVT
22/SP,GOVT-213-01,POLITICS IN RUSSIA,14,40,12,NA,GOVT
21/FA,GOVT-216-01,POLITICS LATIN AMERICA,33,40,NA,NA,GOVT
21/FA,GOVT-230-01,DATA ANALYSIS,31,40,NA,Quantitative & Symbolic R,GOVT
21/FA,GOVT-230-02,DATA ANALYSIS,22,40,NA,Quantitative & Symbolic R,GOVT
21/FA,GOVT-240-01,INTERNATIONAL SECURITY,22,40,NA,NA,GOVT
22/SP,GOVT-241-01,CONSTITUTIONAL LAW,36,40,NA,NA,GOVT
21/FA,GOVT-246-01,LATIN AMERICA IN THE WORLD,14,40,NA,NA,GOVT
21/FA,GOVT-249-01,AMER POLITICAL THOUGHT,14,40,NA,NA,GOVT
21/FA,GOVT-251-01,INTRO PUBLIC POLICY,41,40,11,Quantitative & Symbolic R,GOVT
21/FA,GOVT-268-01,POLITICAL FILM,34,40,26,NA,GOVT
22/SP,GOVT-270-01,DEMOCRATIC THEORY,31,40,21,NA,GOVT
22/SP,GOVT-285-01,INTRO ENVIRONMENTAL POLITICS,40,40,20,NA,GOVT
22/SP,GOVT-291-01,INTERNATNL POL ECONOMY,42,40,NA,NA,GOVT
21/FA,GOVT-315W-01,FOREIGN POLICIES MIDDLE EAST,16,18,NA,Writing Intensive Courses,GOVT
22/SP,GOVT-317W-01,ARAB SPRING & AFTERMATH,7,18,NA,Writing Intensive Courses,GOVT
21/FA,GOVT-321-01,FEDERAL INTERNSHIP,12,16,NA,NA,GOVT
21/FA,GOVT-323-01,INTERN-OBSERVATION,12,16,NA,NA,GOVT
21/FA,GOVT-325-01,SEM IN WASH SEMINAR,12,16,NA,NA,GOVT
22/SP,GOVT-327-01,SEM-WASH INDEP RESRCH,6,20,NA,NA,GOVT
21/FA,GOVT-327-01,SEM-WASH INDEP RESRCH,12,16,NA,NA,GOVT
21/FA,GOVT-337W-01,CIVIL WARS,19,18,NA,Writing Intensive Courses,GOVT
22/SP,GOVT-343W-01,THE MODERN STATE,11,18,NA,Writing Intensive Courses,GOVT
21/FA,GOVT-344W-01,CONSERVATISM,18,18,NA,Writing Intensive Courses,GOVT
22/SP,GOVT-345W-01,RELIGION & TERRORISM,9,18,NA,Writing Intensive Courses,GOVT
22/SP,GOVT-357W-01,THEORY AND INTERNET POLICY,20,18,14,Writing Intensive Courses,GOVT
21/FA,GOVT-360W-01,POL&THEORY PLACE & SPACE,12,18,8,Writing Intensive Courses,GOVT
21/FA,GOVT-365W-01,FREE SPEECH THEORY,7,18,NA,Writing Intensive Courses,GOVT
22/SP,GOVT-376W-01,AMER ADMINISTRATIVE STATE,6,18,NA,Writing Intensive Courses,GOVT
21/FA,GOVT-386W-01,THEORIES INTERN. RELATIONS,7,18,7,Writing Intensive Courses,GOVT
22/SP,GOVT-419-01,TOPIC: LINOWITZ SEM,12,12,NA,Proseminar,GOVT
21/FA,GOVT-432-01,PROGRAM EVALUAT SOCIAL CHANGE,11,12,11,NA,GOVT
21/FA,GOVT-549-01,HONORS SEMINAR,4,40,NA,NA,GOVT
21/FA,GOVT-549-02,HONORS SEMINAR,6,40,NA,NA,GOVT
22/SP,GOVT-550-01,SENIOR PROJECT,9,40,NA,NA,GOVT
22/SP,GOVT-550-02,SENIOR PROJECT,10,40,NA,NA,GOVT
22/SP,GOVT-550-03,SENIOR PROJECT,7,40,NA,NA,GOVT
22/SP,GOVT-550-06,SENIOR PROJECT,11,40,NA,NA,GOVT
22/SP,GOVT-550-07,SENIOR PROJECT,11,40,NA,NA,GOVT
22/SP,GOVT-551-01,HONORS THESIS,10,40,NA,NA,GOVT
22/SP,GREEK-110-01,ELEMENTARY GREEK I,11,16,NA,Proseminar,GREEK
21/FA,GREEK-120-01,ELEMENTARY GREEK II,7,16,NA,Proseminar,GREEK
22/SP,GREEK-210-01,INTERMEDIATE GREEK,6,40,NA,NA,GREEK
21/FA,GREEK-360-01,GREEK DRAMA,6,40,NA,NA,GREEK
22/SP,GREEK-390-01,The Ancient Novel,2,40,NA,NA,GREEK
21/FA,HEBRW-107-01,FIRST TERM MODERN HEBREW,7,16,NA,NA,HEBR
22/SP,HEBRW-108-01,SECOND TERM MODERN HEBREW,2,16,NA,NA,HEBR
21/FA,HIST-104W-01,"EUROPE & EMPIRES, 1500-1960",13,20,NA,Writing Intensive Courses,HIST
22/SP,HIST-106W-01,RACE AND MIGRATION IN US HIST,11,16,NA,Writing Intensive Courses,HIST
22/SP,HIST-109W-01,EARLY MOD WESTERN EUROPE,16,18,NA,Writing Intensive Courses,HIST
21/FA,HIST-110-01,INTRO U.S. HIST 1492-1861,23,40,NA,NA,HIST
22/SP,HIST-111-01,INTRO U.S. HIST 1861-2001,27,40,NA,NA,HIST
22/SP,HIST-117W-01,EUROPE IN PHOTOS,15,18,NA,Writing Intensive Courses,HIST
21/FA,HIST-120-01,ROMAN CIVILIZATION,40,40,10,NA,HIST
21/FA,HIST-124W-01,SILK ROAD,14,20,NA,Writing Intensive Courses,HIST
21/FA,HIST-140W-01,MUSIC & SCIENCE MONOCHORD,4,18,NA,Writing Intensive Courses,HIST
22/SP,HIST-154W-01,HIST OF AMER EXPL & OUTDR ADV,16,16,NA,First Year Courses,HIST
21/FA,HIST-156W-01,MAKING MODERN CITIES,18,20,NA,Writing Intensive Courses,HIST
21/FA,HIST-158W-01,CLIMATE CHANGE & MIGRATION,18,20,3,First Year Courses,HIST
21/FA,HIST-159W-01,AMERICA IN TWO WORLD WARS,18,18,NA,Writing Intensive Courses,HIST
21/FA,HIST-159W-01,AMERICA IN TWO WORLD WARS,18,18,NA,First Year Courses,HIST
21/FA,HIST-160-01,THE GLOBAL MIDDLE AGES,7,40,NA,NA,HIST
22/SP,HIST-187-01,HIST WKSP:ARCGIS & SPATIAL AN,7,12,NA,NA,HIST
21/FA,HIST-203-01,AFR/AMER HIST 1619-PRESENT,18,40,8,NA,HIST
22/SP,HIST-205-01,BROADCASTING FREEDOM,21,40,16,NA,HIST
21/FA,HIST-213-01,"GERMANY, BISMARCK TO HITLER",37,40,34,NA,HIST
21/FA,HIST-221-01,EARLY RUSSIAN HIST,12,40,7,NA,HIST
21/FA,HIST-225-01,SCIENTIFIC REV:MAKING KNOWLED,3,40,NA,NA,HIST
22/SP,HIST-225-01,SCIENTIFIC REV:MAKING KNOWLED,8,40,NA,NA,HIST
21/FA,HIST-229-01,THE AMERICAN FOUNDING,20,24,8,NA,HIST
21/FA,HIST-239-01,MODERNITY & NATIONHOOD INDIA,5,40,NA,NA,HIST
21/FA,HIST-245-01,AMERICAN FRONTIERS,27,40,NA,NA,HIST
22/SP,HIST-254-01,RECENT AMERICAN HIST,42,40,NA,NA,HIST
21/FA,HIST-259-01,AFRICAN HISTORY TO 1800,15,40,NA,NA,HIST
22/SP,HIST-263-01,MUSIC SCIENCE & POWER,13,40,6,NA,HIST
21/FA,HIST-266-01,GLOBAL ENVIRONMENTAL HISTORY,26,40,12,NA,HIST
22/SP,HIST-266-01,GLOBAL ENVIRONMENTAL HISTORY,33,40,10,NA,HIST
21/FA,HIST-275-01,MOD. MIDDLE EASTERN HIST,20,40,NA,NA,HIST
21/FA,HIST-280-01,IMPERIAL CHINA,15,40,NA,NA,HIST
22/SP,HIST-285-01,MODERN CHINA,15,40,NA,NA,HIST
22/SP,HIST-286-01,THE BYZANTINE EMPIRE,18,40,NA,NA,HIST
22/SP,HIST-307W-01,ENVIRON & TECHNOL IN AFRICA,11,16,8,Writing Intensive Courses,HIST
22/SP,HIST-319W-01,MONUMENTS & MYTHS:CIVIL WAR,10,12,NA,Writing Intensive Courses,HIST
22/SP,HIST-330W-01,NATIONS AND NATIONALISM,12,18,NA,Writing Intensive Courses,HIST
22/SP,HIST-343W-01,TOCQUEVILLE'S AMERICA,18,18,NA,Writing Intensive Courses,HIST
22/SP,HIST-367W-01,HIMALAYAN MOUNTAINEERING,18,18,NA,Writing Intensive Courses,HIST
21/FA,HIST-377W-01,"VIOL,LAW,JUSTICE MIDDLE AGES",10,18,NA,Writing Intensive Courses,HIST
21/FA,HIST-383W-01,TOPIC: BRITISH & IRISH HIST,9,18,NA,Writing Intensive Courses,HIST
21/FA,HIST-390W-01,FOUCAULT,4,12,NA,Writing Intensive Courses,HIST
21/FA,HIST-392W-01,PARIS NOIR:BLACK INTERNAT,7,18,NA,Writing Intensive Courses,HIST
21/FA,HIST-394W-01,TOPICS:REL COMMUNAL SOCIETIES,8,18,NA,Writing Intensive Courses,HIST
22/SP,HIST-401W-01,RESEARCH SEM IN HIST,6,18,NA,Writing Intensive Courses,HIST
22/SP,HIST-424-01,ULYSSES AT 100,9,10,2,NA,HIST
21/FA,HSPST-115-01,SPANISH IMMERSION I,5,16,NA,Proseminar,HSPST
21/FA,HSPST-130-01,THIRD TERM SPANISH,9,16,NA,Proseminar,HSPST
21/FA,HSPST-130-02,THIRD TERM SPANISH,6,16,NA,Proseminar,HSPST
22/SP,HSPST-135-01,SPANISH IMMERSION II,3,16,NA,Proseminar,HSPST
22/SP,HSPST-140-01,CONVERSATN HISPANIC CULT,7,16,NA,Proseminar,HSPST
21/FA,HSPST-140-01,CONVERSATN HISPANIC CULT,9,16,NA,Proseminar,HSPST
21/FA,HSPST-140-02,CONVERSATN HISPANIC CULT,8,16,NA,Proseminar,HSPST
22/SP,HSPST-140-02,CONVERSATN HISPANIC CULT,14,16,NA,Proseminar,HSPST
21/FA,HSPST-140-03,CONVERSATN HISPANIC CULT,14,16,NA,Proseminar,HSPST
22/SP,HSPST-200W-01,EXPLORING HISPANIC TEXTS,10,16,NA,Writing Intensive Courses,HSPST
21/FA,HSPST-200W-01,EXPLORING HISPANIC TEXTS,14,16,NA,Proseminar,HSPST
21/FA,HSPST-200W-02,EXPLORING HISPANIC TEXTS,15,16,NA,Writing Intensive Courses,HSPST
22/SP,HSPST-200W-02,EXPLORING HISPANIC TEXTS,15,16,NA,Proseminar,HSPST
21/FA,HSPST-200W-03,EXPLORING HISPANIC TEXTS,12,16,NA,Writing Intensive Courses,HSPST
22/SP,HSPST-200W-03,EXPLORING HISPANIC TEXTS,12,16,NA,Proseminar,HSPST
22/SP,HSPST-210-01,SPANISH LITERATURE,13,16,NA,Proseminar,HSPST
21/FA,HSPST-211-01,INTRO STUDY L AMER LIT,15,16,NA,Proseminar,HSPST
21/FA,HSPST-211-02,INTRO STUDY L AMER LIT,14,16,NA,Proseminar,HSPST
22/SP,HSPST-217-01,INTRO U.S. LATINX/LIT,15,20,10,NA,HSPST
21/FA,HSPST-219-01,ADVANCED GRAMMAR REVIEW,15,16,NA,NA,HSPST
22/SP,HSPST-229-01,SPANISH FOR PROFESSIONS,16,16,NA,Proseminar,HSPST
21/FA,HSPST-250-01,JOURNEY SPAN CULTURE,8,16,NA,Proseminar,HSPST
22/SP,HSPST-251-01,INTERSECTIONAL LATIN AMERICA,14,16,NA,NA,HSPST
22/SP,HSPST-281-01,INTRO L AMER SHORT FICT,9,16,NA,Proseminar,HSPST
21/FA,HSPST-301-01,MODERNISMO,17,16,NA,NA,HSPST
22/SP,HSPST-318-01,SPANISH CIVIL WAR,2,16,2,NA,HSPST
21/FA,HSPST-330-01,EARLY MODERN SPAN DRAMA,12,16,NA,NA,HSPST
22/SP,HSPST-341-01,RACE & DEM IN ANDEAN-PAC CULT,16,16,7,NA,HSPST
22/SP,HSPST-367-01,NUEVA YORK:CONTEMP LIT/ART,13,16,10,Proseminar,HSPST
22/SP,HSPST-390-01,JEWELS SPANISH POETRY,5,16,4,Proseminar,HSPST
21/FA,HSPST-451-01,WRITERS OF THE BOOM,6,12,NA,NA,HSPST
21/FA,ITALN-110-01,FIRST TERM ITALIAN,19,18,NA,NA,ITALN
21/FA,ITALN-110-02,FIRST TERM ITALIAN,19,18,NA,NA,ITALN
22/SP,ITALN-120-01,SECOND TERM ITALIAN,8,18,NA,NA,ITALN
22/SP,ITALN-120-02,SECOND TERM ITALIAN,10,18,NA,NA,ITALN
21/FA,ITALN-130-01,THIRD TERM ITALIAN,7,20,NA,NA,ITALN
22/SP,ITALN-140-01,FOURTH TERM ITALIAN,4,20,NA,NA,ITALN
21/FA,ITALN-200-01,INTRO ITALIAN LIT & CULTURE,10,20,NA,NA,ITALN
21/FA,ITALN-225-01,FASCISM & POPULAR CULTURE,12,40,NA,NA,ITALN
22/SP,ITALN-226W-01,LOVE/DEATH IN DANTE & BEYOND,13,18,9,Writing Intensive Courses,ITALN
22/SP,ITALN-298-01,ADV LANGUAGE & CULTURE,2,40,NA,NA,ITALN
21/FA,JAPN-110-01,FIRST TERM JAPANESE,14,16,NA,NA,JAPN
21/FA,JAPN-110-02,FIRST TERM JAPANESE,16,16,NA,NA,JAPN
22/SP,JAPN-120-01,SECOND TERM JAPANESE,12,16,NA,NA,JAPN
22/SP,JAPN-120-02,SECOND TERM JAPANESE,13,16,NA,NA,JAPN
21/FA,JAPN-130-01,THIRD TERM JAPANESE,11,16,NA,NA,JAPN
22/SP,JAPN-140-01,FOURTH TERM JAPANESE,11,16,NA,NA,JAPN
22/SP,JAPN-160W-01,"JAPN FILM, ANIMATION, LIT",19,16,NA,Writing Intensive Courses,JAPN
21/FA,JAPN-200-01,ADVANCED JAPANESE I,10,16,NA,NA,JAPN
21/FA,JAPN-219-01,LANGUAGE ACQUISITION,18,40,8,Quantitative & Symbolic R,JAPN
22/SP,JAPN-220-01,ADVANCED JAPANESE II,8,16,NA,NA,JAPN
21/FA,JAPN-401-01,READINGS IN JAPANESE,5,16,NA,NA,JAPN
22/SP,JAPN-402-01,TEXTUAL ANALYSIS&TRANSLATN,3,16,NA,NA,JAPN
21/FA,LATIN-110-01,ELEMENTARY LATIN I,14,16,NA,Proseminar,LATIN
21/FA,LATIN-110-02,ELEMENTARY LATIN I,11,16,NA,Proseminar,LATIN
22/SP,LATIN-120-01,ELEMENTARY LATIN II,12,40,NA,Proseminar,LATIN
21/FA,LATIN-210-01,WORLD OF ANCIENT ROME,6,40,NA,NA,LATIN
21/FA,LATIN-360-01,LIT OF LOVE & DESIRE,6,40,NA,NA,LATIN
22/SP,LATIN-390-01,TOPIC: BIOGRAPHY,9,40,NA,NA,LATIN
21/FA,LING-100-01,INTRO TO LINGUISTICS,44,40,NA,Quantitative & Symbolic R,LING
22/SP,LIT-117W-01,INTERPRETATION & SELF-KNOWLED,14,18,NA,Writing Intensive Courses,LIT
21/FA,LIT-118W-01,FOOD IN LIT & FILM,15,16,NA,Writing Intensive Courses,LIT
21/FA,LIT-119W-01,LITERATURE AS/OF MEDICINE,16,16,NA,First Year Courses,LIT
22/SP,LIT-123W-01,DAYS OF A FUTURE PAST,16,16,NA,First Year Courses,LIT
21/FA,LIT-123W-01,DAYS OF A FUTURE PAST,18,18,NA,First Year Courses,LIT
22/SP,LIT-125W-01,MONSTERS,16,16,NA,First Year Courses,LIT
22/SP,LIT-127W-01,MEDIEVAL MONSTERS & MARVELS,15,16,NA,First Year Courses,LIT
21/FA,LIT-129W-01,"TRUTH & JUSTICE, AMER WAY",14,16,NA,Writing Intensive Courses,LIT
21/FA,LIT-133W-01,APOCALYPSE NOW & THEN,15,16,NA,Writing Intensive Courses,LIT
22/SP,LIT-139W-01,DREAM/LIFE,18,18,NA,Writing Intensive Courses,LIT
21/FA,LIT-148W-01,ECHOES IN LITERATURE,14,16,NA,Proseminar,LIT
21/FA,LIT-149W-01,FINDING IDENTITY,16,16,NA,Proseminar,LIT
22/SP,LIT-150W-01,THE DETECTIVE NOVEL,14,16,NA,First Year Courses,LIT
21/FA,LIT-153W-01,LIT: WHAT IS IT GOOD FOR?,15,16,NA,First Year Courses,LIT
21/FA,LIT-156W-01,SHAKESPEARE AND FILM,15,16,NA,Writing Intensive Courses,LIT
22/SP,LIT-204W-01,POETRY & POETICS,17,18,NA,Writing Intensive Courses,LIT
21/FA,LIT-204W-01,POETRY & POETICS,18,18,NA,Writing Intensive Courses,LIT
21/FA,LIT-204W-02,POETRY & POETICS,15,18,NA,Writing Intensive Courses,LIT
22/SP,LIT-204W-02,POETRY & POETICS,16,18,NA,Writing Intensive Courses,LIT
21/FA,LIT-204W-03,POETRY & POETICS,17,18,NA,Writing Intensive Courses,LIT
22/SP,LIT-206-01,THE STUDY OF THE NOVEL,20,40,NA,NA,LIT
22/SP,LIT-216-01,CARIBBEAN LIT IN CRUCIBLE,24,40,22,NA,LIT
21/FA,LIT-221-01,INTRO TO OLD ENGLISH,12,40,NA,NA,LIT
21/FA,LIT-222W-01,CHAUCER:GENDER & GENRE,11,18,NA,Writing Intensive Courses,LIT
22/SP,LIT-223-01,GENDER&VIOLENCE MIDDLE AGES,23,24,9,NA,LIT
21/FA,LIT-227-01,SHAKESPEARE,9,40,NA,NA,LIT
22/SP,LIT-227-01,SHAKESPEARE,11,40,NA,NA,LIT
22/SP,LIT-228W-01,MILTON PARADISE LOST,16,18,NA,Speaking Intensive Course,LIT
22/SP,LIT-230-01,BOLLYWOOD FILM,19,40,NA,NA,LIT
22/SP,LIT-231-01,FLASH NARRATIVE,12,12,NA,Experiential Learning,LIT
22/SP,LIT-241-01,N AFR LIT IN FRANCE,12,40,5,NA,LIT
21/FA,LIT-242-01,DRAMA IN DIALOGUE,21,40,NA,NA,LIT
21/FA,LIT-246-01,ASIAN MODERNISMS,4,40,NA,NA,LIT
21/FA,LIT-250-01,INTRO TO HISTORY OF THE BOOK,16,16,12,Experiential Learning,LIT
22/SP,LIT-254-01,THE MATTER OF TEXT,15,16,NA,NA,LIT
22/SP,LIT-266-01,U.S. MODERNISMS,29,40,NA,NA,LIT
22/SP,LIT-278-01,RETHINKING THE ROMANCE,24,40,23,NA,LIT
21/FA,LIT-305-01,THE RICH & THE POOR:MARKET,11,12,NA,NA,LIT
21/FA,LIT-314W-01,THE NEW CONFESSIONAL,7,18,NA,Writing Intensive Courses,LIT
21/FA,LIT-315W-01,LITERARY THEORY AND STUDY,8,12,NA,Writing Intensive Courses,LIT
22/SP,LIT-341-01,BOOKED: PRISON WRITING,11,12,NA,NA,LIT
21/FA,LIT-342-01,20&21 C AMER PRISON WRITG,7,12,6,NA,LIT
21/FA,LIT-344W-01,''EARING ACCENT (METHODS),6,12,NA,Writing Intensive Courses,LIT
22/SP,LIT-368-01,MEDIUM IS THE MESSAGE,10,40,NA,NA,LIT
22/SP,LIT-374W-01,THE HOLLYWOOD NOVEL,12,18,NA,Writing Intensive Courses,LIT
21/FA,LIT-380-01,CONTEMP GRAPHIC NARRATIVE,32,40,NA,NA,LIT
22/SP,LIT-385-01,GEORGE ELIOT,6,40,NA,NA,LIT
22/SP,LIT-461-01,ENGLISH & ITS DISCONTENTS,8,12,NA,NA,LIT
21/FA,LIT-473-01,SEM MAJOR AFRICAN WRITERS,6,12,6,NA,LIT
21/FA,LIT-496-01,SEMINAR: INDEPENDENT PROJECTS,9,12,NA,NA,LIT
22/SP,LIT-497-01,SEM: INDEPENDENT PROJECTS,9,12,NA,NA,LIT
21/FA,MATH-113-01,CALCULUS I,35,40,NA,Quantitative & Symbolic R,MATH
22/SP,MATH-113-01,CALCULUS I,38,40,NA,Quantitative & Symbolic R,MATH
22/SP,MATH-113-02,CALCULUS I,24,40,NA,Quantitative & Symbolic R,MATH
21/FA,MATH-113-02,CALCULUS I,34,40,NA,Quantitative & Symbolic R,MATH
21/FA,MATH-113-03,CALCULUS I,14,20,NA,First Year Courses,MATH
21/FA,MATH-113-04,CALCULUS I,33,40,NA,Quantitative & Symbolic R,MATH
22/SP,MATH-116-01,CALCULUS II,21,40,NA,Quantitative & Symbolic R,MATH
21/FA,MATH-116-01,CALCULUS II,29,40,NA,Quantitative & Symbolic R,MATH
22/SP,MATH-116-02,CALCULUS II,17,40,NA,Quantitative & Symbolic R,MATH
21/FA,MATH-116-02,CALCULUS II,25,40,NA,Quantitative & Symbolic R,MATH
21/FA,MATH-116-03,CALCULUS II,33,40,NA,Quantitative & Symbolic R,MATH
21/FA,MATH-152-01,STAT ANALYSIS OF DATA,22,25,NA,Quantitative & Symbolic R,MATH
22/SP,MATH-152-01,STAT ANALYSIS OF DATA,24,25,NA,Quantitative & Symbolic R,MATH
21/FA,MATH-152-02,STAT ANALYSIS OF DATA,25,25,NA,Quantitative & Symbolic R,MATH
22/SP,MATH-152-02,STAT ANALYSIS OF DATA,25,25,NA,Quantitative & Symbolic R,MATH
22/SP,MATH-216-01,MULTIVARIABLE CALCULUS,33,40,NA,Quantitative & Symbolic R,MATH
21/FA,MATH-216-01,MULTIVARIABLE CALCULUS,40,40,NA,Quantitative & Symbolic R,MATH
21/FA,MATH-216-02,MULTIVARIABLE CALCULUS,37,40,NA,Quantitative & Symbolic R,MATH
21/FA,MATH-224W-01,LINEAR ALGEBRA,16,18,NA,Writing Intensive Courses,MATH
22/SP,MATH-224W-01,LINEAR ALGEBRA,18,18,NA,Quantitative & Symbolic R,MATH
21/FA,MATH-224W-02,LINEAR ALGEBRA,16,18,NA,Writing Intensive Courses,MATH
22/SP,MATH-224W-02,LINEAR ALGEBRA,16,18,NA,Writing Intensive Courses,MATH
22/SP,MATH-224W-03,LINEAR ALGEBRA,20,18,NA,Quantitative & Symbolic R,MATH
22/SP,MATH-224W-04,LINEAR ALGEBRA,17,18,NA,Quantitative & Symbolic R,MATH
22/SP,MATH-224W-05,LINEAR ALGEBRA,10,18,NA,Quantitative & Symbolic R,MATH
22/SP,MATH-234-01,COUNTING AND CODES,10,40,NA,Quantitative & Symbolic R,MATH
22/SP,MATH-235-01,DIFFERENTIAL EQUATIONS,18,20,NA,Speaking Intensive Course,MATH
22/SP,MATH-235-01,DIFFERENTIAL EQUATIONS,18,20,NA,Quantitative & Symbolic R,MATH
21/FA,MATH-235-01,DIFFERENTIAL EQUATIONS,19,20,NA,Speaking Intensive Course,MATH
21/FA,MATH-235-01,DIFFERENTIAL EQUATIONS,19,20,NA,Quantitative & Symbolic R,MATH
21/FA,MATH-235-02,DIFFERENTIAL EQUATIONS,17,20,NA,Quantitative & Symbolic R,MATH
21/FA,MATH-254-01,STAT MODELING&APPLICATN,24,25,NA,Quantitative & Symbolic R,MATH
22/SP,MATH-254-01,STAT MODELING&APPLICATN,28,25,NA,Quantitative & Symbolic R,MATH
22/SP,MATH-304-01,TOPOLOGY,13,40,NA,Quantitative & Symbolic R,MATH
22/SP,MATH-314W-01,REAL ANALYSIS,15,18,NA,Writing Intensive Courses,MATH
21/FA,MATH-314W-01,REAL ANALYSIS,16,18,NA,Quantitative & Symbolic R,MATH
22/SP,MATH-314W-02,REAL ANALYSIS,10,18,NA,Quantitative & Symbolic R,MATH
21/FA,MATH-325W-01,MODERN ALGEBRA,21,18,NA,Quantitative & Symbolic R,MATH
22/SP,MATH-325W-02,MODERN ALGEBRA,19,18,NA,Writing Intensive Courses,MATH
22/SP,MATH-337-01,PARTIAL DIFFERENTIAL EQUATN,16,40,NA,Quantitative & Symbolic R,MATH
21/FA,MATH-351-01,PROBABILITY THEORY,32,40,NA,Quantitative & Symbolic R,MATH
22/SP,MATH-356-01,STAT METHODS MACHINE LEARNING,7,25,NA,Quantitative & Symbolic R,MATH
22/SP,MATH-361-01,NUMBER THEORY & APPLICATN,21,20,NA,Quantitative & Symbolic R,MATH
22/SP,MATH-361-01,NUMBER THEORY & APPLICATN,21,20,NA,Speaking Intensive Course,MATH
22/SP,MATH-498-01,SEM MATH SOCIAL CONTEXT,17,20,NA,NA,MATH
21/FA,MATH-503-01,SR SEM IN STATISTICS,14,12,NA,Quantitative & Symbolic R,MATH
21/FA,MATH-508-01,SR SEM IN DYNAMICS,12,12,NA,Quantitative & Symbolic R,MATH
21/FA,MATH-510-01,SR SEM APPL NETWORK ANALY,12,12,NA,Quantitative & Symbolic R,MATH
21/FA,MATH-513-01,SENIOR SEMINAR IN KNOT THEORY,10,12,NA,Quantitative & Symbolic R,MATH
22/SP,MUSIC-100-01,ART OF ACTIVE LISTENING,35,40,NA,NA,MUSIC
21/FA,MUSIC-100-01,ART OF ACTIVE LISTENING,38,40,NA,NA,MUSIC
21/FA,MUSIC-110-01,MUSIC THEORY NON-MAJORS,36,40,NA,Quantitative & Symbolic R,MUSIC
22/SP,MUSIC-110-01,MUSIC THEORY NON-MAJORS,39,40,NA,Quantitative & Symbolic R,MUSIC
22/SP,MUSIC-114-01,BLACK VOICES IN SONG,40,40,12,NA,MUSIC
21/FA,MUSIC-117-01,ROOTS TO COUNTRY MUSIC,40,40,24,NA,MUSIC
22/SP,MUSIC-125-25,APPLIED MUSIC,8,40,NA,NA,MUSIC
21/FA,MUSIC-126-56,APPLIED MUSIC,8,40,NA,NA,MUSIC
22/SP,MUSIC-126-64,APPLIED MUSIC,12,40,NA,NA,MUSIC
21/FA,MUSIC-141-01,CHOIR,48,40,NA,NA,MUSIC
21/FA,MUSIC-141-03A,BRASS ENSEMBLE,9,40,NA,NA,MUSIC
21/FA,MUSIC-141-04A,WOODWIND ENSEMBLE,13,40,NA,NA,MUSIC
21/FA,MUSIC-141-06,ORCHESTRA,43,40,NA,NA,MUSIC
21/FA,MUSIC-141-08,JAZZ ENSEMBLE,22,40,NA,NA,MUSIC
22/SP,MUSIC-142-01,CHOIR,35,40,NA,NA,MUSIC
22/SP,MUSIC-142-03,BRASS LAB,7,40,NA,NA,MUSIC
22/SP,MUSIC-142-04A,WOODWIND LAB,12,40,NA,NA,MUSIC
22/SP,MUSIC-142-05,MASTERWORKS CHORALE,6,40,NA,NA,MUSIC
22/SP,MUSIC-142-06,ORCHESTRA,42,40,NA,NA,MUSIC
22/SP,MUSIC-142-07,PIANO ENSEMBLE,6,40,NA,NA,MUSIC
22/SP,MUSIC-142-08,JAZZ ENSEMBLE,21,40,NA,NA,MUSIC
22/SP,MUSIC-142-09,PERCUSSION ENSEMBLE,4,40,NA,NA,MUSIC
21/FA,MUSIC-180-01,BASIC AURAL SKILLS,15,40,NA,NA,MUSIC
21/FA,MUSIC-181-01,BASIC KEYBOARD SKILLS,6,40,NA,NA,MUSIC
22/SP,MUSIC-181-01,BASIC KEYBOARD SKILLS,9,40,NA,NA,MUSIC
21/FA,MUSIC-210-01,FUNDAMNTL & CHROM HARMONY,20,40,15,Quantitative & Symbolic R,MUSIC
22/SP,MUSIC-213-01,JAZZ ARRANGING,4,40,NA,NA,MUSIC
21/FA,MUSIC-220-01,FROM CHANT TO BACH,11,40,NA,NA,MUSIC
22/SP,MUSIC-221-01,FROM BACH TO BARTOK,12,40,NA,NA,MUSIC
21/FA,MUSIC-226-34,SOLO PERFORMANCE,4,40,NA,NA,MUSIC
22/SP,MUSIC-226-34,SOLO PERFORMANCE,7,40,NA,NA,MUSIC
21/FA,MUSIC-241-02,HAMILTON VOICES,19,40,NA,NA,MUSIC
21/FA,MUSIC-241-09E,INSTRUMENTAL CHAMBER ENSEMBLE,7,40,NA,NA,MUSIC
21/FA,MUSIC-241-11,JAZZ COMBO,8,40,NA,NA,MUSIC
22/SP,MUSIC-242-09A,INSTRUMENTAL CHAMBER ENSEMBLE,3,40,NA,NA,MUSIC
22/SP,MUSIC-242-11,JAZZ COMBO,9,40,NA,NA,MUSIC
22/SP,MUSIC-259-01,HIST JAZZ SINCE 1950,47,40,NA,NA,MUSIC
21/FA,MUSIC-270-01,"INTRO MUSIC, SOUND & TECH",16,16,NA,NA,MUSIC
22/SP,MUSIC-270-01,"INTRO MUSIC, SOUND & TECH",17,16,NA,NA,MUSIC
22/SP,MUSIC-281-01,INTERM. KEYBOARD SKILLS,3,40,NA,NA,MUSIC
22/SP,MUSIC-310-01,COUNTERPT & MUSICAL FORMS,6,40,NA,NA,MUSIC
22/SP,MUSIC-370-01,ADVANCED AUDIO PRODUCTION,7,16,NA,NA,MUSIC
21/FA,NEURO-204-01,HUMAN NEUROSCIENCE,36,40,9,NA,NEURO
22/SP,NEURO-204-01,HUMAN NEUROSCIENCE,36,40,13,NA,NEURO
21/FA,NEURO-205-01,FUNDAMENTALS OF NEUROBIO,20,40,9,NA,NEURO
22/SP,NEURO-330-01,SYSTEMS NEUROSCIENCE,10,9,10,NA,NEURO
22/SP,NEURO-330-02,SYSTEMS NEUROSCIENCE,12,10,11,NA,NEURO
22/SP,NEURO-357-01,CELLULAR NEUROBIOLOGY,10,20,6,NA,NEURO
22/SP,NEURO-371-01,EMOTION,35,40,11,NA,NEURO
21/FA,NEURO-500-02,SENIOR PROJECT,5,6,NA,NA,NEURO
21/FA,NEURO-500-07,SENIOR PROJECT,8,9,NA,NA,NEURO
22/SP,NEURO-501-05,SENIOR PROJECT,8,40,NA,NA,NEURO
21/FA,PHIL-109W-01,TELLING RIGHT FROM WRONG,16,16,NA,First Year Courses,PHIL
21/FA,PHIL-109W-02,TELLING RIGHT FROM WRONG,16,16,NA,Writing Intensive Courses,PHIL
21/FA,PHIL-109W-03,TELLING RIGHT FROM WRONG,13,16,NA,Writing Intensive Courses,PHIL
22/SP,PHIL-110-01,INTRODUCTION TO PHILOSOPHY,17,16,NA,Proseminar,PHIL
21/FA,PHIL-110W-01,INTRO TO PHILOSOPHY,15,16,NA,First Year Courses,PHIL
21/FA,PHIL-115W-01,INTRO TO EXISTENTIALISM,15,16,NA,Proseminar,PHIL
21/FA,PHIL-115W-02,INTRO TO EXISTENTIALISM,16,16,NA,Writing Intensive Courses,PHIL
22/SP,PHIL-117W-04,INTRO POLITICAL THEORY,16,16,2,Writing Intensive Courses,PHIL
21/FA,PHIL-120-01,PHIL PERSPECTIVE SELF,14,16,NA,Proseminar,PHIL
21/FA,PHIL-120-02,PHIL PERSPECTIVE SELF,14,16,NA,Proseminar,PHIL
22/SP,PHIL-140-01,WHAT IS ART,14,16,NA,Proseminar,PHIL
22/SP,PHIL-200-01,CRITICAL REASONING,38,40,NA,NA,PHIL
22/SP,PHIL-201-01,HIST ANCIENT WESTERN PHIL,39,40,NA,NA,PHIL
21/FA,PHIL-203-01,HIST WEST PHIL (MOD),36,40,NA,NA,PHIL
22/SP,PHIL-209-01,"HUM NATURE, GENDR & IDENTITY",16,40,NA,NA,PHIL
22/SP,PHIL-219-01,INTRO TO MORAL THEORY,38,40,NA,NA,PHIL
21/FA,PHIL-221-01,FOOD AND PHILOSOPHY,15,16,NA,Proseminar,PHIL
22/SP,PHIL-221-01,FOOD AND PHILOSOPHY,16,16,NA,Proseminar,PHIL
21/FA,PHIL-233-01,LATIN AMERICAN PHILOSOPHY,10,40,NA,NA,PHIL
22/SP,PHIL-235-01,ENVIRONMENTAL ETHICS,25,40,NA,NA,PHIL
21/FA,PHIL-240-01,SYMBOLIC LOGIC,37,40,NA,Quantitative & Symbolic R,PHIL
22/SP,PHIL-242W-01,THE BLACK SELF,16,18,12,Writing Intensive Courses,PHIL
22/SP,PHIL-310W-01,PHILOSOPHY OF SCIENCE,8,18,7,Writing Intensive Courses,PHIL
21/FA,PHIL-410-01,AMERICAN PHILOSOPHY,11,12,10,NA,PHIL
22/SP,PHIL-416-01,WITTGENSTEIN,11,12,NA,NA,PHIL
21/FA,PHIL-426W-01,DAVID FOSTER WALLACE & METAPH,12,12,NA,Writing Intensive Courses,PHIL
22/SP,PHIL-433-01,PHILOSOPHY OF LIBERATION,6,12,NA,NA,PHIL
22/SP,PHIL-447-01,HAPPINESS,13,12,NA,NA,PHIL
22/SP,PHIL-463-01,NIETZSCHE,11,12,NA,NA,PHIL
22/SP,PHIL-466-01,DISAGREEMENT,11,12,NA,NA,PHIL
21/FA,PHIL-550-01,SENIOR SEMINAR,8,8,NA,NA,PHIL
21/FA,PHIL-550-02,SENIOR SEMINAR,7,8,NA,NA,PHIL
21/FA,PHYS-100-01,SURVEY OF PHYSICS I,36,40,NA,Quantitative & Symbolic R,PHYS
21/FA,PHYS-100-02,SURVEY OF PHYSICS I,14,40,NA,Quantitative & Symbolic R,PHYS
21/FA,PHYS-100L-01,SURVEY PHYSICS LAB,25,25,NA,NA,PHYS
21/FA,PHYS-100L-02,SURVEY PHYSICS LAB,23,25,NA,NA,PHYS
21/FA,PHYS-100L-03,SURVEY PHYSICS LAB,21,25,NA,NA,PHYS
22/SP,PHYS-105-01,SURVEY OF PHYSICS II,30,40,NA,Quantitative & Symbolic R,PHYS
22/SP,PHYS-105L-01,SURVEY OF PHYSICS LAB,20,24,8,NA,PHYS
22/SP,PHYS-105L-02,SURVEY OF PHYSICS LAB,13,24,7,NA,PHYS
22/SP,PHYS-105L-03,SURVEY OF PHYSICS LAB,22,24,11,NA,PHYS
22/SP,PHYS-160-01,ASTRONOMY,41,40,NA,Quantitative & Symbolic R,PHYS
21/FA,PHYS-160-01,ASTRONOMY,42,40,NA,Quantitative & Symbolic R,PHYS
21/FA,PHYS-190-01,THE MECHANICAL UNIVERSE,33,40,NA,Quantitative & Symbolic R,PHYS
21/FA,PHYS-190L-01,MECHANICAL UNIV LAB,9,14,NA,NA,PHYS
21/FA,PHYS-190L-02,MECHANICAL UNIV LAB,10,14,NA,NA,PHYS
21/FA,PHYS-190L-03,MECHANICAL UNIV LAB,14,14,NA,NA,PHYS
22/SP,PHYS-195-01,WAVES AND FIELDS,26,40,NA,Quantitative & Symbolic R,PHYS
22/SP,PHYS-195L-01,WAVES & FIELDS LAB,7,16,NA,NA,PHYS
22/SP,PHYS-195L-02,WAVES & FIELDS LAB,9,16,NA,NA,PHYS
22/SP,PHYS-195L-03,WAVES & FIELDS LAB,10,16,NA,NA,PHYS
21/FA,PHYS-200-01,PHYSICS I,19,40,NA,Quantitative & Symbolic R,PHYS
22/SP,PHYS-205-01,PHYSICS II,25,40,NA,Quantitative & Symbolic R,PHYS
22/SP,PHYS-245-01,ELECTRONICS & COMPUTERS,13,18,NA,Quantitative & Symbolic R,PHYS
22/SP,PHYS-245-02,ELECTRONICS & COMPUTERS,13,18,NA,Quantitative & Symbolic R,PHYS
21/FA,PHYS-290-01,QUANTUM PHYSICS,18,40,NA,Quantitative & Symbolic R,PHYS
21/FA,PHYS-290L-01,QUANTUM PHYSICS LAB,7,12,NA,NA,PHYS
21/FA,PHYS-290L-02,QUANTUM PHYSICS LAB,11,12,NA,NA,PHYS
22/SP,PHYS-295-01,ELECTROMAGNETISM,14,40,NA,NA,PHYS
21/FA,PHYS-298-02,PHYSICS RESEARCH,5,40,NA,NA,PHYS
22/SP,PHYS-325-01,GENERAL RELATIVITY,18,40,NA,Quantitative & Symbolic R,PHYS
21/FA,PHYS-350-01,CLASSICAL MECHANICS,14,40,NA,Quantitative & Symbolic R,PHYS
21/FA,PHYS-370-01,THERMODYNAMICS & STAT PHYS,13,40,NA,Quantitative & Symbolic R,PHYS
21/FA,PHYS-390W-01,RESEARCH SEMINAR,9,14,NA,Writing Intensive Courses,PHYS
21/FA,PHYS-390W-01,RESEARCH SEMINAR,9,14,NA,Quantitative & Symbolic R,PHYS
22/SP,PHYS-390W-01,RESEARCH SEMINAR,13,18,NA,Writing Intensive Courses,PHYS
22/SP,PHYS-390W-01,RESEARCH SEMINAR,13,18,NA,Quantitative & Symbolic R,PHYS
22/SP,PHYS-450-01,QUANTUM THEORY,4,40,NA,Quantitative & Symbolic R,PHYS
21/FA,PHYS-480-01,ELECTROMAGNETIC THEORY,11,40,NA,Quantitative & Symbolic R,PHYS
21/FA,PHYS-550-01,SENIOR RESEARCH PROJECT,10,40,NA,NA,PHYS
22/SP,PPOL-286-01,ENVIRON POLICY AND ECONOMICS,17,40,6,Quantitative & Symbolic R,PPOL
22/SP,PPOL-382W-01,TOPIC PUBLIC POLICY,9,18,7,Writing Intensive Courses,PPOL
22/SP,PPOL-382W-02,TOPIC PUBLIC POLICY,6,18,5,Writing Intensive Courses,PPOL
22/SP,PPOL-500-01,SENIOR PROJECT,9,40,NA,NA,PPOL
21/FA,PPOL-500-01,SENIOR PROJECT,13,40,NA,NA,PPOL
22/SP,PSYCH-101-01,INTRO TO PSYCHOLOGY,21,20,NA,First Year Courses,PSYCH
21/FA,PSYCH-101-01,INTRO TO PSYCHOLOGY,40,40,NA,Quantitative & Symbolic R,PSYCH
21/FA,PSYCH-101-02,INTRO TO PSYCHOLOGY,24,40,NA,Quantitative & Symbolic R,PSYCH
22/SP,PSYCH-101-02,INTRO TO PSYCHOLOGY,39,40,NA,Quantitative & Symbolic R,PSYCH
21/FA,PSYCH-101-03,INTRO TO PSYCHOLOGY,39,40,NA,Quantitative & Symbolic R,PSYCH
22/SP,PSYCH-101-03,INTRO TO PSYCHOLOGY,40,40,NA,Quantitative & Symbolic R,PSYCH
21/FA,PSYCH-101-04,INTRO TO PSYCHOLOGY,20,20,NA,Quantitative & Symbolic R,PSYCH
21/FA,PSYCH-101-04,INTRO TO PSYCHOLOGY,20,20,NA,First Year Courses,PSYCH
22/SP,PSYCH-101-04,INTRO TO PSYCHOLOGY,21,20,NA,Quantitative & Symbolic R,PSYCH
21/FA,PSYCH-101-05,INTRO TO PSYCHOLOGY,20,20,NA,First Year Courses,PSYCH
21/FA,PSYCH-101-05,INTRO TO PSYCHOLOGY,20,20,NA,Quantitative & Symbolic R,PSYCH
21/FA,PSYCH-101-06,INTRO TO PSYCHOLOGY,38,40,NA,Quantitative & Symbolic R,PSYCH
22/SP,PSYCH-198-02,COLLABORATIVE RESEARCH 1,5,40,NA,NA,PSYCH
21/FA,PSYCH-198-05,COLLABORATIVE RESEARCH I,7,40,NA,NA,PSYCH
22/SP,PSYCH-198-05,COLLABORATIVE RESEARCH I,8,40,NA,NA,PSYCH
21/FA,PSYCH-201-01,STATS & RESEARCH METHODS,36,40,32,Quantitative & Symbolic R,PSYCH
22/SP,PSYCH-201-01,STATS & RESEARCH METHODS,39,40,38,Quantitative & Symbolic R,PSYCH
22/SP,PSYCH-201-02,STATS & RESEARCH METHODS,29,40,27,Quantitative & Symbolic R,PSYCH
22/SP,PSYCH-254-01,COUNSELING PSYCHOLOGY,41,40,NA,NA,PSYCH
22/SP,PSYCH-297-01,PEER COUNSELING,11,40,NA,NA,PSYCH
21/FA,PSYCH-297-01,PEER COUNSELING,12,40,NA,NA,PSYCH
22/SP,PSYCH-304W-01,SCIENCE OF MORALITY,13,18,NA,Quantitative & Symbolic R,PSYCH
22/SP,PSYCH-311W-01,SOC PSYCH OF SELF LAB,5,18,NA,Quantitative & Symbolic R,PSYCH
22/SP,PSYCH-311W-01,SOC PSYCH OF SELF LAB,5,18,NA,Writing Intensive Courses,PSYCH
21/FA,PSYCH-324W-01,LAW & HUMAN BEHAVIOR,19,18,NA,Quantitative & Symbolic R,PSYCH
21/FA,PSYCH-329-01,STRESS & PSYCHOPHYSIOLOGY,10,10,2,NA,PSYCH
22/SP,PSYCH-341-01,THE EVOLVED MIND,14,40,NA,NA,PSYCH
21/FA,PSYCH-349-01,PARENTING,39,40,NA,NA,PSYCH
22/SP,PSYCH-350-01,LIFESPAN DEVELOPMENT,16,40,NA,NA,PSYCH
21/FA,PSYCH-353-01,ADULT PSYCHOPATHOLOGY,33,40,NA,NA,PSYCH
21/FA,PSYCH-356-01,SOCIAL PSYCHOLOGY,22,40,NA,NA,PSYCH
22/SP,PSYCH-360-01,PSYCHOLOGICAL TESTING,9,40,NA,NA,PSYCH
22/SP,PSYCH-367-01,PSYCH BIAS JUSTICE SYSTEM,33,40,NA,NA,PSYCH
21/FA,PSYCH-380-01,RESEARCH DESIGN,36,40,NA,Quantitative & Symbolic R,PSYCH
21/FA,PSYCH-392N-01,PRIN BEHAVIOR ANALYSIS,2,5,NA,NA,PSYCH
21/FA,PSYCH-395N-01,BEHAVIORAL INTERVENTIONS,2,5,NA,NA,PSYCH
22/SP,RELST-103W-01,REL & POL IN BIBLE,16,18,NA,Writing Intensive Courses,RELST
21/FA,RELST-111W-01,ANCIENT JEWISH WISDOM,13,18,NA,Writing Intensive Courses,RELST
21/FA,RELST-129W-01,NAT AMER SPIRITUALITIES,14,16,9,Proseminar,RELST
22/SP,RELST-132W-01,HOLOCAUST LIT & FILMS,17,18,16,Writing Intensive Courses,RELST
21/FA,RELST-133W-01,AMER FREEDOM&RELG THGHT,10,16,2,Experiential Learning,RELST
21/FA,RELST-134-01,ABC's AMERICAN RELGN,24,40,16,NA,RELST
21/FA,RELST-137-01,ANCIENT HEALING & MAGIC,40,40,13,NA,RELST
22/SP,RELST-138W-01,SIN,18,18,8,Writing Intensive Courses,RELST
21/FA,RELST-143W-01,SACRED IN SOUTH ASIA,8,18,NA,Writing Intensive Courses,RELST
22/SP,RELST-231-01,JUDAISM AND SOCIAL JUSTICE,8,40,NA,NA,RELST
21/FA,RELST-234W-01,SACRED JOURNEYS,16,18,NA,Writing Intensive Courses,RELST
22/SP,RELST-239W-01,NATIVE AMER RELIGIOUS FREEDOM,16,18,10,Writing Intensive Courses,RELST
21/FA,RELST-244-01,RELIGIOUS CONFLICTS,25,40,13,NA,RELST
22/SP,RELST-247-01,RELGN & GENDER AMER HIST,24,40,10,NA,RELST
22/SP,RELST-256-01,ISLAM IN SOUTH ASIA,5,40,2,NA,RELST
21/FA,RELST-257W-01,THE NEW TESTAMENT,18,18,NA,Writing Intensive Courses,RELST
22/SP,RELST-257W-01,THE NEW TESTAMENT,20,18,11,Writing Intensive Courses,RELST
22/SP,RELST-259-01,REL & POL IN SPINOZA,10,40,4,NA,RELST
21/FA,RELST-281W-01,PHIL AS SPIRITUAL QUEST,10,18,1,Writing Intensive Courses,RELST
22/SP,RELST-291-01,IMAGINING RELIGIONS,11,16,NA,Proseminar,RELST
22/SP,RELST-310-01,SEM RELIGION & ENVIRONMENT,12,12,3,NA,RELST
21/FA,RELST-330W-01,MARTYRDOM IN ANTIQUITY,4,12,3,Writing Intensive Courses,RELST
21/FA,RELST-349-01,AMERICAN SCRIPTURES--METHODS,13,24,7,NA,RELST
21/FA,RSNST-105-01,RUSSIANS AND AUTHORITY,15,40,NA,NA,RELST
22/SP,RSNST-107-01,RUSSN POL CULTURE & MUSIC,12,40,NA,NA,RELST
22/SP,RSNST-169-01,INTRO TO RUSSIAN FILM,31,40,NA,NA,RELST
21/FA,RSNST-225W-01,"MADNESS, MURDER, MAYHEM",13,18,3,Writing Intensive Courses,RELST
21/FA,RUSSN-110-01,FIRST TERM RUSSIAN,6,40,NA,NA,RUSSN
21/FA,RUSSN-110-02,FIRST-TERM RUSSIAN,4,40,NA,NA,RUSSN
22/SP,RUSSN-120-01,SECOND TERM RUSSIAN,6,40,NA,NA,RUSSN
21/FA,RUSSN-210-01,THIRD TERM RUSSIAN,6,40,NA,NA,RUSSN
22/SP,RUSSN-220-01,FOURTH TERM RUSSIAN,5,40,NA,NA,RUSSN
21/FA,RUSSN-370-01,READINGS 19TH C RUSSN LIT,2,40,NA,NA,RUSSN
22/SP,SOC-101-01,INTRODUCTORY SOCIOLOGY,38,40,NA,NA,SOC
22/SP,SOC-101-02,INTRODUCTORY SOCIOLOGY,41,40,NA,NA,SOC
21/FA,SOC-110-01,AMERICAN SOCIETY,21,20,NA,Speaking Intensive Course,SOC
21/FA,SOC-110-02,AMERICAN SOCIETY,20,20,NA,Speaking Intensive Course,SOC
21/FA,SOC-110-03,AMERICAN SOCIETY,20,20,NA,Speaking Intensive Course,SOC
21/FA,SOC-110-04,AMERICAN SOCIETY,19,20,NA,Speaking Intensive Course,SOC
22/SP,SOC-226-01,SOC HEALTH & ILLNESS,40,40,NA,NA,SOC
21/FA,SOC-226-01,SOC HEALTH & ILLNESS,41,40,NA,NA,SOC
21/FA,SOC-229W-01,SOCIOLOGY OF THE FAMILY,16,18,NA,Writing Intensive Courses,SOC
22/SP,SOC-231-01,RACISM & RACE IN THE US,41,40,NA,NA,SOC
22/SP,SOC-232W-01,POVERTY AND INEQUALITY,17,18,NA,Writing Intensive Courses,SOC
21/FA,SOC-232W-01,POVERTY AND INEQUALITY,19,18,NA,Writing Intensive Courses,SOC
21/FA,SOC-238-01,SPORTS AND SOCIETY,40,40,NA,NA,SOC
21/FA,SOC-301W-01,SOCIOLOGICAL THEORY,12,18,NA,Writing Intensive Courses,SOC
22/SP,SOC-301W-01,SOCIOLOGICAL THEORY,18,18,NA,Writing Intensive Courses,SOC
21/FA,SOC-302-01,RESEARCH METHODS,21,40,NA,Quantitative & Symbolic R,SOC
22/SP,SOC-305-01,URBAN AMERICA,13,12,NA,NA,SOC
22/SP,SOC-307-01,SOCIOLOGY OF SPIRITUALITY,11,12,NA,NA,SOC
21/FA,SOC-329-01,SEM SOC PRODUCTION FOOD,9,12,NA,NA,SOC
22/SP,SOC-382-01,RACE GENDER CRIME & ABOLITN,13,12,NA,NA,SOC
21/FA,SOC-549W-01,SENIOR SEMINAR,17,20,NA,Writing Intensive Courses,SOC
22/SP,SOC-550-01,SENIOR PROJECT,7,40,NA,NA,SOC
22/SP,SOC-550-02,SENIOR PROJECT,7,40,NA,NA,SOC
21/FA,THETR-100-01,INTRO TO MAKING THETR,19,20,NA,Speaking Intensive Course,THETR
22/SP,THETR-100-01,INTRO TO MAKING THETR,23,20,NA,Speaking Intensive Course,THETR
21/FA,THETR-100-02,INTRO TO MAKING THETR,23,20,NA,First Year Courses,THETR
21/FA,THETR-100-03,INTRO TO MAKING THETR,12,20,NA,Speaking Intensive Course,THETR
22/SP,THETR-102-01,ACTING STYLES: REALISM,22,10,NA,Speaking Intensive Course,THETR
22/SP,THETR-102-02,ACTING STYLES: REALISM,18,16,NA,Proseminar,THETR
21/FA,THETR-105-01,INTRO THETR PRODUCTION,11,12,NA,Quantitative & Symbolic R,THETR
22/SP,THETR-105-01,INTRO THETR PRODUCTION,13,12,NA,Quantitative & Symbolic R,THETR
21/FA,THETR-141-01,PRODUCTION,36,40,NA,Speaking Intensive Course,THETR
22/SP,THETR-142-01,PRODUCTION,35,40,NA,Speaking Intensive Course,THETR
21/FA,THETR-201-01,ACTING STYLE:THEATRICALSM,17,18,NA,Speaking Intensive Course,THETR
21/FA,THETR-204-01,COLLABORATIVE PLAYMAKING,16,16,NA,Proseminar,THETR
22/SP,THETR-213-01,LIGHTING DESIGN,7,12,NA,Quantitative & Symbolic R,THETR
22/SP,THETR-216-01,COSTUME DESIGN,14,12,NA,NA,THETR
22/SP,THETR-224-01,PLAYWRITING,16,16,10,Speaking Intensive Course,THETR
22/SP,THETR-236-01,OUTRAGEOUS ACTS,7,40,NA,NA,THETR
21/FA,THETR-241-01,THETR FOR SOCIAL CHANGE,18,16,10,Proseminar,THETR
21/FA,THETR-303-01,DIRECTING,8,12,NA,Speaking Intensive Course,THETR
22/SP,THETR-307-01,HISTORY OF THEATRE,17,16,NA,NA,THETR
22/SP,THETR-314-01,MEISNER ONE:TRANSITIONS,10,12,NA,Speaking Intensive Course,THETR
21/FA,THETR-398-01,PRODUCTION & PERFORMANCE,4,40,NA,NA,THETR
22/SP,THETR-560-01,SENIOR PERF.&PRODUCTN,6,40,NA,NA,THETR
22/SP,WMGST-101W-01,INTRO WOMEN&GENDER STUDIES,18,18,NA,Writing Intensive Courses,WMGST
21/FA,WMGST-101W-01,INTRO WOMEN&GENDER STUDIES,19,18,NA,Writing Intensive Courses,WMGST
22/SP,WMGST-101W-02,INTRO WOMEN&GENDER STUDIES,18,18,NA,Writing Intensive Courses,WMGST
21/FA,WMGST-101W-02,INTRO WOMEN&GENDER STUDIES,19,18,NA,Writing Intensive Courses,WMGST
21/FA,WMGST-101W-03,INTRO WOMEN&GENDER STUDIES,15,18,NA,First Year Courses,WMGST
22/SP,WMGST-101W-03,INTRO WOMEN&GENDER STUDIES,17,18,NA,Writing Intensive Courses,WMGST
21/FA,WMGST-101W-04,INTRO WOMEN&GENDER STUDIES,17,18,NA,Proseminar,WMGST
22/SP,WMGST-101W-04,INTRO WOMEN&GENDER STUDIES,18,18,NA,Proseminar,WMGST
21/FA,WMGST-101W-05,INTRO WOMEN&GENDER STUDIES,16,18,NA,Writing Intensive Courses,WMGST
21/FA,WMGST-201W-01,INTRO FEMINIST THOUGHT,11,18,NA,Writing Intensive Courses,WMGST
21/FA,WMGST-202W-01,INTRO LGBTQ STUDIES,17,18,NA,Writing Intensive Courses,WMGST
22/SP,WMGST-203-01,WOMEN AND WAR,12,40,6,NA,WMGST
21/FA,WMGST-229-01,IMMIGRAT & SETTLER COLONIAL,34,40,NA,NA,WMGST
22/SP,WMGST-255-01,LABOR GENDER & ENVIRONMENT,41,40,16,NA,WMGST
21/FA,WMGST-301W-01,FEM. METHODOLOGICAL PERSP,14,18,NA,Writing Intensive Courses,WMGST
21/FA,WMGST-310-01,CROSSINGS & TRANSGRESSIONS,12,12,4,NA,WMGST
21/FA,WMGST-314-01,SEM FEM PERSPECT CLASS U.S.,11,12,NA,NA,WMGST
22/SP,WMGST-323-01,"GENDER, HEALTH & TECHNOLOGY",13,12,NA,NA,WMGST
21/FA,WMGST-334-01,"WOMEN,GENDER&POLITICSFOOD",16,12,NA,NA,WMGST
22/SP,WMGST-401-01,SEM THEORIES OF SEXUALITY,10,12,NA,NA,WMGST
22/SP,WMGST-402-01,FEMINIST ACTIVISM & AFRICA,5,12,5,NA,WMGST
22/SP,WMGST-408W-01,ADVANCED WGS SCHOLARSHIP,6,12,NA,Speaking Intensive Course,WMGST