county;population;pct_male;pct_female;median_age;over65_pct;onerace_white;onerace_black;onerace_native;onerace_asian;onerace_pacificislands;onerace_other;hispanic_pct;non_hisp_white;non_hisp_black;`voting_pop;;;
Ada County, Idaho;444028;50.0;50.0;36.6;13.8;90.7;1.5;0.5;2.7;0.1;1.5;8.1;85.0;1.3;323692;;;
Adams County, Colorado;498187;50.4;49.6;33.7;10.0;80.9;3.2;1.5;4.0;0.1;6.5;39.6;50.8;3.1;309539;;;
Adams County, Illinois;66578;49.1;50.9;42.1;19.4;N;N;N;N;N;N;1.1;N;N;51376;;;
Adams County, Pennsylvania;102180;49.3;50.7;44.2;19.7;92.4;1.0;0.1;0.4;0.0;3.5;7.0;89.3;0.9;79061;;;
Aiken County, South Carolina;167458;48.8;51.2;40.8;18.2;71.4;24.5;0.3;1.2;0.1;0.6;5.7;66.4;24.4;125205;;;
Alachua County, Florida;263496;48.1;51.9;31.3;13.1;69.1;20.1;0.4;6.4;0.2;1.0;9.4;61.7;19.7;202023;;;
Alamance County, North Carolina;159688;47.7;52.3;39.9;16.6;69.5;19.5;0.5;1.4;0.2;7.0;12.6;64.6;19.3;114749;;;
Alameda County, California;1647704;49.1;50.9;37.4;13.1;41.8;10.6;0.6;29.4;0.8;10.4;22.5;31.9;10.4;1064494;;;
Albany County, New York;308846;48.6;51.4;37.9;15.8;74.7;12.4;0.3;6.8;0.0;1.8;5.8;72.1;11.7;236739;;;
Albemarle County, Virginia;106878;47.7;52.3;38.2;17.3;81.0;9.8;0.2;5.0;0.1;1.5;5.7;77.1;9.7;80552;;;
Alexandria city, Virginia;155810;47.9;52.1;36.6;10.1;59.5;22.1;0.1;6.2;0.1;7.2;16.8;51.2;21.7;102600;;;
Allegan County, Michigan;115548;50.0;50.0;39.4;15.9;94.1;1.3;0.3;0.4;0.0;0.9;7.3;88.6;1.3;86513;;;
Allegany County, Maryland;72130;52.3;47.7;40.8;19.5;88.5;8.8;0.2;0.9;0.0;0.1;1.7;87.1;8.6;58736;;;
Allegheny County, Pennsylvania;1225365;48.3;51.7;40.6;18.0;80.2;12.6;0.1;3.5;0.0;0.4;2.0;78.8;12.5;959493;;;
Allen County, Indiana;370404;48.8;51.2;35.8;13.7;80.1;11.5;0.1;4.0;0.0;1.1;7.3;74.2;11.3;262155;;;
Allen County, Ohio;103742;49.6;50.4;38.2;16.6;82.5;11.8;0.2;0.9;0.0;1.2;3.0;80.9;11.7;78498;;;
Anchorage Municipality, Alaska;298192;51.3;48.7;33.0;9.8;62.0;5.4;8.0;9.1;2.6;2.7;9.0;58.5;5.0;215168;;;
Anderson County, South Carolina;196569;48.2;51.8;40.4;17.6;79.7;16.6;0.2;1.0;0.0;1.0;3.6;77.6;16.1;148174;;;
Anderson County, Tennessee;75936;49.8;50.2;43.4;19.2;91.2;4.2;0.0;1.6;0.1;1.0;2.7;89.0;4.2;58875;;;
Androscoggin County, Maine;107319;48.8;51.2;40.4;16.7;92.2;3.2;0.2;1.1;0.0;0.0;1.8;91.0;2.5;82817;;;
Angelina County, Texas;87791;48.2;51.8;37.6;15.7;77.4;15.5;1.5;1.1;0.1;3.7;21.7;61.0;15.3;61330;;;
Anne Arundel County, Maryland;568346;49.6;50.4;38.0;14.0;73.2;16.1;0.2;3.6;0.0;2.4;7.5;69.0;15.8;422885;;;
Anoka County, Minnesota;345957;49.8;50.2;38.1;12.9;84.3;5.7;0.7;4.5;0.1;1.5;4.4;82.1;5.5;253618;;;
Apache County, Arizona;73112;48.6;51.4;34.6;14.5;22.1;0.2;73.2;0.1;0.1;0.9;5.9;18.0;0.2;51823;;;
Arapahoe County, Colorado;637068;49.6;50.4;36.5;12.5;71.0;10.9;0.6;6.1;0.3;7.5;18.9;61.1;10.6;434684;;;
Arlington County, Virginia;230050;50.0;50.0;34.8;9.6;70.7;8.6;0.4;10.2;0.2;5.9;15.4;62.2;8.4;161230;;;
Armstrong County, Pennsylvania;66486;49.7;50.3;46.5;21.3;N;N;N;N;N;N;0.8;N;N;53519;;;
Aroostook County, Maine;67959;49.5;50.5;47.5;22.5;95.0;1.3;1.3;0.4;0.0;0.1;1.1;94.4;1.0;54657;;;
Ascension Parish, Louisiana;121587;50.1;49.9;35.1;11.1;N;N;N;N;N;N;5.2;N;N;86728;;;
Ashtabula County, Ohio;98231;50.7;49.3;43.4;18.6;92.4;4.0;0.3;0.5;0.0;0.2;4.1;N;N;75583;;;
Athens County, Ohio;66186;49.4;50.6;27.9;11.5;90.4;3.2;0.0;1.9;0.0;0.6;1.9;89.4;3.1;55624;;;
Atlantic County, New Jersey;270991;48.4;51.6;40.6;16.9;65.3;15.3;0.3;8.3;0.0;7.7;18.8;56.2;14.6;192137;;;
Augusta County, Virginia;74997;50.0;50.0;45.2;19.8;N;N;N;N;N;N;2.7;N;N;59981;;;
Baldwin County, Alabama;208563;48.4;51.6;42.4;19.5;86.5;9.0;0.7;0.4;0.0;0.7;4.4;83.0;9.0;160961;;;
Baltimore city, Maryland;614664;47.0;53.0;34.9;12.9;30.8;62.5;0.3;2.5;0.1;1.5;5.1;27.5;62.0;458150;;;
Baltimore County, Maryland;831026;47.4;52.6;39.4;16.6;61.7;28.7;0.3;6.0;0.1;0.8;5.3;57.9;28.4;607924;;;
Bannock County, Idaho;84377;49.3;50.7;34.0;13.4;88.4;0.3;4.0;1.8;0.0;2.7;8.4;84.1;0.3;59324;;;
Barnstable County, Massachusetts;214276;47.7;52.3;53.1;29.5;91.6;2.4;0.4;1.4;0.5;1.3;2.9;89.5;2.4;174364;;;
Barrow County, Georgia;77126;49.2;50.8;35.5;11.5;78.3;10.5;0.4;3.8;0.0;4.2;10.3;72.4;10.5;53399;;;
Bartholomew County, Indiana;81402;50.8;49.2;37.5;15.4;84.5;1.5;0.0;7.2;0.0;4.7;6.5;82.0;1.5;55277;;;
Bartow County, Georgia;103807;49.6;50.4;37.2;13.2;83.9;10.2;0.4;0.9;0.0;2.6;8.5;77.8;10.2;73790;;;
Bastrop County, Texas;82733;51.2;48.8;38.7;14.8;71.3;6.8;0.5;1.6;0.0;17.5;36.8;N;N;56815;;;
Bay County, Florida;183974;49.8;50.2;40.1;16.8;82.1;11.1;0.2;2.8;0.0;0.6;6.3;76.9;10.9;138350;;;
Bay County, Michigan;104747;49.6;50.4;43.1;19.2;94.6;2.3;0.2;0.3;0.0;0.6;5.2;90.1;2.2;82688;;;
Beaufort County, South Carolina;183149;48.8;51.2;44.9;25.9;75.4;18.3;0.4;1.3;0.1;2.2;11.1;67.4;17.9;138351;;;
Beaver County, Pennsylvania;167429;48.7;51.3;44.9;20.5;90.6;5.5;0.1;0.3;0.1;0.5;1.5;89.6;5.5;133884;;;
Bedford County, Virginia;77960;49.8;50.2;45.8;20.7;88.6;7.3;0.0;1.2;0.1;1.2;2.1;87.7;7.3;60909;;;
Bell County, Texas;340411;49.8;50.2;31.0;10.4;63.9;24.3;0.6;2.8;0.7;2.1;24.3;46.5;21.2;233421;;;
Belmont County, Ohio;68673;51.3;48.7;44.5;19.8;N;N;N;N;N;N;0.9;N;N;55304;;;
Benton County, Arkansas;258291;49.6;50.4;35.4;13.0;88.5;1.5;1.0;3.6;0.5;1.4;16.4;73.9;1.5;172032;;;
Benton County, Oregon;89385;50.0;50.0;32.5;15.2;86.2;1.1;0.5;6.6;0.3;1.3;7.3;80.8;1.1;69216;;;
Benton County, Washington;193686;49.6;50.4;35.6;14.2;83.2;1.9;0.6;2.4;0.0;8.6;21.4;71.0;1.8;129799;;;
Bergen County, New Jersey;939151;48.5;51.5;41.4;16.5;72.3;6.0;0.2;16.3;0.1;2.2;19.4;57.0;5.2;639069;;;
Berkeley County, South Carolina;210898;49.6;50.4;36.4;13.0;67.2;24.4;0.3;2.7;0.0;2.6;6.3;64.0;24.1;154285;;;
Berkeley County, West Virginia;113525;48.8;51.2;38.2;14.1;86.9;9.2;0.2;0.8;0.0;1.4;4.1;84.3;8.9;83857;;;
Berks County, Pennsylvania;414812;49.3;50.7;40.1;16.5;82.8;4.5;1.1;1.3;0.0;3.6;20.0;72.6;3.8;307577;;;
Berkshire County, Massachusetts;126903;47.9;52.1;46.7;21.9;91.9;2.7;0.2;1.6;0.1;0.9;4.3;89.0;2.6;102986;;;
Bernalillo County, New Mexico;676953;49.0;51.0;37.4;15.2;70.8;2.8;5.1;2.7;0.1;15.0;49.7;39.0;2.4;489897;;;
Berrien County, Michigan;154010;49.1;50.9;41.6;18.5;78.2;14.3;0.3;1.9;0.0;1.6;5.3;75.2;14.2;114773;;;
Bexar County, Texas;1928680;49.3;50.7;33.5;11.8;78.9;7.9;0.7;2.9;0.1;6.7;59.9;28.1;7.3;1282976;;;
Bibb County, Georgia;152760;46.9;53.1;36.1;14.7;40.1;54.1;0.1;2.0;0.0;1.0;3.2;38.8;53.8;112256;;;
Black Hawk County, Iowa;132904;49.9;50.1;35.2;15.6;85.3;9.0;0.6;2.5;0.5;0.6;4.3;82.0;9.0;99668;;;
Blair County, Pennsylvania;124650;49.0;51.0;43.8;20.2;95.6;2.0;0.0;0.7;0.2;0.3;1.2;94.6;1.9;98678;;;
Blount County, Tennessee;128670;48.4;51.6;43.7;19.5;93.6;3.0;0.1;0.7;0.1;0.2;3.2;91.2;2.6;99945;;;
Blue Earth County, Minnesota;66441;50.0;50.0;30.5;13.3;91.4;3.4;0.5;2.0;0.0;0.2;3.4;88.6;3.4;51463;;;
Bonneville County, Idaho;112232;50.3;49.7;33.0;13.4;88.4;0.0;0.8;1.4;0.0;7.0;12.8;83.2;0.0;73604;;;
Boone County, Kentucky;128536;49.5;50.5;37.0;12.1;91.0;2.3;0.3;2.7;0.0;1.1;4.2;88.1;2.3;91752;;;
Boone County, Missouri;176594;48.9;51.1;30.6;11.6;80.8;9.2;0.5;5.1;0.0;1.6;3.3;79.4;9.2;134202;;;
Bossier Parish, Louisiana;126057;50.3;49.7;34.7;13.3;72.9;22.6;0.2;1.5;0.2;0.6;6.6;67.2;22.6;92628;;;
Boulder County, Colorado;322226;50.2;49.8;36.4;13.3;89.6;1.1;0.3;4.8;0.1;1.8;13.8;78.0;1.0;239007;;;
Bowie County, Texas;93860;50.5;49.5;37.0;16.3;70.2;24.4;0.3;1.3;0.3;0.7;7.6;64.0;24.2;68649;;;
Bradley County, Tennessee;104490;48.5;51.5;39.2;16.2;91.6;5.5;0.6;0.2;0.0;0.7;6.1;86.3;5.5;78820;;;
Brazoria County, Texas;354195;50.4;49.6;36.0;11.2;74.8;13.0;1.0;6.5;0.0;2.7;30.0;48.5;12.8;239133;;;
Brazos County, Texas;220417;50.8;49.2;26.1;9.0;75.9;10.3;0.5;6.4;0.0;3.2;25.1;56.3;10.2;156276;;;
Brevard County, Florida;579130;48.7;51.3;47.3;23.2;82.6;9.9;0.2;2.4;0.0;1.9;9.9;75.0;9.7;453314;;;
Bristol County, Massachusetts;558324;48.6;51.4;40.8;16.4;84.0;4.2;0.0;2.4;0.1;6.9;7.6;81.9;3.9;418363;;;
Bronx County, New York;1455720;47.2;52.8;33.6;11.7;21.5;34.0;0.6;3.6;0.0;36.3;56.0;9.0;29.5;838522;;;
Broome County, New York;195334;49.1;50.9;39.6;18.2;85.3;6.5;0.0;3.6;0.0;1.0;4.1;83.6;5.4;151581;;;
Broomfield County, Colorado;66529;49.1;50.9;38.4;12.9;86.4;1.1;0.5;5.9;0.0;2.7;12.2;77.6;0.9;48570;;;
Broward County, Florida;1909632;48.7;51.3;40.3;16.1;60.9;28.6;0.3;3.6;0.1;3.3;28.7;37.4;27.6;1269049;;;
Brown County, Wisconsin;260401;50.0;50.0;37.1;13.7;85.0;2.2;2.7;3.1;0.0;3.3;8.5;81.3;2.2;191325;;;
Brunswick County, North Carolina;126953;48.2;51.8;53.4;30.0;83.4;10.3;0.8;0.6;0.0;2.2;4.7;81.6;10.1;105504;;;
Buchanan County, Missouri;88938;51.2;48.8;37.9;15.4;87.6;5.1;0.4;1.2;0.0;1.8;6.4;83.7;5.0;67249;;;
Bucks County, Pennsylvania;626399;49.1;50.9;43.7;17.6;88.0;3.5;0.1;4.9;0.0;1.1;5.2;84.3;3.4;473185;;;
Bullitt County, Kentucky;79151;49.5;50.5;39.9;14.5;N;N;N;N;N;N;1.9;N;N;61154;;;
Bulloch County, Georgia;74722;50.4;49.6;28.4;11.0;64.9;29.2;0.0;1.1;0.0;2.1;3.7;63.8;29.0;58722;;;
Buncombe County, North Carolina;256088;48.2;51.8;42.6;19.0;88.6;6.0;0.4;1.4;0.2;1.2;6.4;83.8;6.0;200741;;;
Burke County, North Carolina;88851;49.6;50.4;45.0;19.9;84.2;6.1;0.6;3.9;0.1;3.9;6.2;82.1;6.1;69868;;;
Burleigh County, North Dakota;94487;49.4;50.6;36.5;14.9;90.9;2.2;4.4;0.8;0.1;0.1;2.3;89.3;2.0;71695;;;
Burlington County, New Jersey;449284;49.3;50.7;41.5;16.3;71.9;16.6;0.1;5.3;0.0;2.3;7.9;67.7;16.0;339300;;;
Butler County, Kansas;67025;50.4;49.6;38.4;14.4;93.4;2.5;1.1;0.4;0.1;0.1;4.7;89.2;2.4;49422;;;
Butler County, Ohio;377537;49.2;50.8;36.5;14.0;85.4;8.1;0.1;2.7;0.0;0.9;4.6;81.8;8.0;277959;;;
Butler County, Pennsylvania;186847;49.7;50.3;43.3;18.0;95.8;1.2;0.1;1.3;0.0;0.4;1.4;94.8;1.2;146228;;;
Butte County, California;226864;49.2;50.8;38.1;18.1;82.8;1.6;1.1;4.7;0.4;4.2;16.0;72.4;1.6;172932;;;
Cabarrus County, North Carolina;201590;48.5;51.5;37.7;12.9;70.1;17.1;0.3;3.1;0.2;6.2;10.1;67.0;16.7;139874;;;
Cabell County, West Virginia;95987;48.9;51.1;38.0;17.4;91.1;5.2;0.0;1.4;0.0;0.2;1.4;89.8;5.2;76072;;;
Cache County, Utah;122753;49.5;50.5;25.3;9.0;89.7;0.8;0.3;2.6;0.4;4.3;10.5;83.1;0.8;79780;;;
Caddo Parish, Louisiana;248851;47.4;52.6;36.9;15.8;45.8;49.8;0.2;1.3;0.0;1.4;2.8;44.8;49.4;184563;;;
Calcasieu Parish, Louisiana;200601;48.9;51.1;36.2;13.9;69.9;25.2;0.4;1.1;0.0;1.3;3.3;68.0;25.2;148189;;;
Caldwell County, North Carolina;81449;49.3;50.7;43.3;18.7;88.5;4.4;0.7;0.4;0.0;4.4;5.1;87.7;4.4;63344;;;
Calhoun County, Alabama;114611;48.4;51.6;39.1;16.5;73.6;21.1;0.7;0.9;0.0;1.9;3.6;72.6;21.0;87694;;;
Calhoun County, Michigan;134386;48.3;51.7;39.6;17.3;82.0;10.5;0.4;2.0;0.0;0.6;5.0;77.9;10.4;100901;;;
Calvert County, Maryland;91251;49.5;50.5;40.6;14.3;80.7;13.0;0.0;1.9;0.0;1.2;3.7;78.4;12.9;69117;;;
Cambria County, Pennsylvania;134732;49.1;50.9;45.1;21.5;93.6;2.4;0.0;0.4;0.1;0.4;1.6;92.8;2.3;108117;;;
Camden County, New Jersey;510150;48.4;51.6;38.5;14.9;63.6;18.9;0.2;5.8;0.0;8.7;16.4;57.2;18.1;370982;;;
Cameron County, Texas;422135;48.5;51.5;31.5;13.1;95.0;0.5;0.1;0.8;0.0;2.9;89.4;9.3;0.4;233656;;;
Campbell County, Kentucky;92211;48.4;51.6;37.7;14.4;93.9;3.9;0.1;0.6;0.0;0.3;1.9;92.3;3.9;72027;;;
Canadian County, Oklahoma;136532;49.1;50.9;35.8;12.7;81.2;2.2;4.2;3.1;0.0;4.3;8.4;76.9;2.2;98491;;;
Canyon County, Idaho;211698;49.2;50.8;32.7;13.3;81.2;0.0;1.3;1.4;0.4;13.0;25.0;70.7;0.0;140081;;;
Cape Girardeau County, Missouri;78913;48.3;51.7;36.0;16.0;87.5;7.0;0.5;1.7;0.0;0.4;2.3;86.2;7.0;60601;;;
Cape May County, New Jersey;94430;49.3;50.7;49.0;25.7;92.0;3.5;0.1;0.9;0.1;0.7;7.6;85.2;3.5;76754;;;
Carbon County, Pennsylvania;63594;50.5;49.5;46.2;20.1;N;N;N;N;N;N;4.4;N;N;50641;;;
Carroll County, Georgia;116261;49.8;50.2;34.1;13.0;75.0;18.1;0.1;1.0;0.3;3.4;6.9;70.4;18.1;85647;;;
Carroll County, Maryland;167656;49.6;50.4;43.2;16.3;91.8;3.4;0.2;1.8;0.1;0.3;3.4;89.4;3.4;127914;;;
Carteret County, North Carolina;68890;48.8;51.2;48.0;23.7;89.8;5.5;0.4;0.8;0.0;0.5;4.4;86.2;5.5;55299;;;
Carver County, Minnesota;100262;49.9;50.1;38.0;10.9;91.7;2.3;0.3;3.2;0.0;1.1;4.1;89.4;2.1;71883;;;
Cascade County, Montana;81755;50.8;49.2;38.6;18.2;88.8;1.2;4.5;0.9;0.2;0.4;4.3;85.6;1.0;63102;;;
Cass County, Missouri;102845;48.4;51.6;40.0;16.2;91.3;2.9;0.1;0.8;0.0;0.9;4.3;88.2;2.9;76449;;;
Cass County, North Dakota;175249;51.9;48.1;32.4;11.1;87.7;5.3;0.8;2.6;0.0;0.5;2.7;86.0;5.2;131261;;;
Catawba County, North Carolina;156459;49.7;50.3;41.3;17.4;78.0;8.9;0.4;4.1;0.0;7.0;9.5;76.0;8.6;115480;;;
Catoosa County, Georgia;66398;49.6;50.4;40.0;17.1;N;N;N;N;N;N;2.9;N;N;50666;;;
Cattaraugus County, New York;77677;49.5;50.5;41.6;17.9;91.8;1.5;3.4;0.7;0.0;0.5;2.0;90.7;1.5;59457;;;
Cayuga County, New York;77861;51.4;48.6;41.4;17.5;92.1;4.2;0.2;0.5;0.0;0.7;2.9;90.2;4.1;61764;;;
Cecil County, Maryland;102603;49.9;50.1;40.0;14.6;87.3;7.2;0.0;1.5;0.0;1.7;4.3;85.4;6.8;77526;;;
Centre County, Pennsylvania;161464;52.8;47.2;31.7;13.1;88.0;3.7;0.1;5.4;0.0;0.3;2.9;85.6;3.6;128412;;;
Champaign County, Illinois;208419;49.6;50.4;29.9;11.8;72.5;13.3;0.2;10.5;0.0;0.6;5.8;68.0;13.2;152810;;;
Charles County, Maryland;157705;48.6;51.4;38.1;12.0;45.6;45.2;0.2;2.8;0.0;0.7;5.5;41.6;44.7;114979;;;
Charleston County, South Carolina;396484;48.1;51.9;37.1;15.3;68.4;27.5;0.2;1.5;0.0;0.6;5.0;64.3;27.2;306319;;;
Charlotte County, Florida;178465;48.9;51.1;58.5;38.9;89.8;6.5;0.1;0.9;0.3;0.7;6.9;84.3;5.9;149724;;;
Chatham County, Georgia;289082;48.2;51.8;35.3;14.5;52.5;39.5;0.2;2.2;0.2;1.5;6.3;48.9;39.0;217978;;;
Chatham County, North Carolina;72243;47.3;52.7;47.1;24.8;82.3;11.1;0.0;1.2;0.0;1.6;11.9;72.3;11.1;53779;;;
Chautauqua County, New York;129504;49.4;50.6;42.2;18.9;92.7;2.9;0.3;0.6;0.0;1.6;7.5;87.5;2.7;100674;;;
Chaves County, New Mexico;65282;50.9;49.1;35.1;15.0;90.8;2.6;2.3;0.1;0.0;3.1;56.1;N;N;42283;;;
Chelan County, Washington;76338;50.0;50.0;40.3;18.4;90.3;1.8;0.1;1.3;0.0;2.8;27.7;68.1;1.5;53265;;;
Chemung County, New York;86322;49.8;50.2;41.5;18.2;87.9;5.6;0.2;1.8;0.0;0.9;3.0;86.2;5.3;66534;;;
Cherokee County, Georgia;241689;49.3;50.7;38.7;13.0;85.8;6.9;0.5;2.1;0.0;2.8;10.0;79.8;6.3;167594;;;
Chesapeake city, Virginia;237940;48.8;51.2;36.9;12.5;62.0;29.9;0.0;3.0;0.0;1.2;5.7;58.1;29.8;176615;;;
Cheshire County, New Hampshire;75774;49.3;50.7;42.9;18.4;95.5;0.7;0.2;1.5;0.0;0.3;1.8;94.4;0.7;61317;;;
Chester County, Pennsylvania;516312;49.2;50.8;40.3;15.4;85.3;5.8;0.1;5.0;0.0;1.3;7.3;79.9;5.5;372178;;;
Chesterfield County, Virginia;339009;48.3;51.7;39.2;14.1;67.7;22.5;0.2;3.9;0.1;2.5;8.4;62.2;22.0;246038;;;
Chittenden County, Vermont;161531;49.4;50.6;37.2;13.9;90.4;2.8;0.3;3.7;0.0;0.6;2.3;88.8;2.6;127176;;;
Christian County, Kentucky;72351;53.2;46.8;28.5;10.9;71.3;23.2;0.3;0.6;0.6;1.7;7.6;65.9;23.2;52195;;;
Christian County, Missouri;84401;48.6;51.4;37.3;15.2;N;N;N;N;N;N;2.9;N;N;62390;;;
Citrus County, Florida;143621;48.1;51.9;56.4;35.4;92.9;3.8;0.2;1.7;0.0;0.7;5.4;88.5;3.7;120771;;;
Clackamas County, Oregon;408062;49.2;50.8;41.3;17.1;87.7;1.1;0.9;4.0;0.2;2.1;8.4;82.5;0.9;307413;;;
Clallam County, Washington;74570;49.0;51.0;50.8;28.0;88.0;1.2;4.5;1.0;0.1;1.0;6.1;83.0;1.0;59347;;;
Clark County, Indiana;116031;48.4;51.6;38.7;14.9;88.0;5.7;0.1;0.4;0.0;1.0;5.3;83.7;5.7;87449;;;
Clark County, Nevada;2155664;49.9;50.1;37.0;14.1;61.7;11.5;0.6;9.8;0.8;10.4;30.9;43.4;11.0;1411365;;;
Clark County, Ohio;134786;47.9;52.1;41.9;18.7;86.9;7.4;0.2;0.3;0.0;0.6;3.3;84.3;7.3;103300;;;
Clark County, Washington;467018;49.4;50.6;38.0;14.7;84.5;1.7;0.4;4.9;0.8;3.2;9.3;79.2;1.7;330597;;;
Clarke County, Georgia;124707;48.1;51.9;27.5;10.0;63.3;28.0;0.1;4.2;0.0;2.5;10.8;55.2;28.0;94930;;;
Clay County, Florida;208311;48.9;51.1;40.4;15.0;80.1;10.2;0.0;2.8;0.2;2.2;9.6;73.7;8.9;154354;;;
Clay County, Missouri;239085;49.2;50.8;37.4;13.6;85.4;6.7;0.2;2.6;0.5;1.9;6.7;81.5;6.5;176021;;;
Clayton County, Georgia;279462;46.1;53.9;32.7;9.0;15.4;68.3;0.3;5.2;0.0;7.6;13.1;10.8;67.0;181607;;;
Clearfield County, Pennsylvania;80596;52.4;47.6;44.8;19.7;94.8;3.2;0.6;0.5;0.0;0.3;2.4;93.1;2.8;63811;;;
Clermont County, Ohio;203022;49.5;50.5;39.7;15.1;95.3;1.7;0.0;1.4;0.1;0.2;1.8;93.8;1.7;153926;;;
Cleveland County, North Carolina;97144;48.9;51.1;40.7;17.8;74.0;21.3;0.2;1.2;0.0;2.6;3.5;73.2;21.3;74906;;;
Cleveland County, Oklahoma;278655;50.2;49.8;34.0;12.6;78.6;4.4;4.2;4.6;0.1;1.1;8.4;72.4;4.4;208904;;;
Clinton County, Michigan;77888;49.2;50.8;40.1;16.3;94.0;1.7;0.3;2.0;0.0;0.2;4.5;90.1;1.6;58936;;;
Clinton County, New York;81073;51.2;48.8;39.2;16.3;90.2;4.8;0.1;1.2;0.0;2.2;2.9;89.4;4.3;65317;;;
Cobb County, Georgia;748150;48.3;51.7;36.5;11.4;58.7;27.0;0.4;5.3;0.1;4.9;12.9;52.4;26.2;502793;;;
Cochise County, Arizona;125770;50.4;49.6;40.8;21.1;87.4;4.0;1.5;2.2;0.3;1.5;35.0;55.5;3.8;91739;;;
Coconino County, Arizona;140908;50.0;50.0;30.9;11.8;64.7;1.5;26.3;1.9;0.1;1.9;13.8;54.5;1.4;109693;;;
Cole County, Missouri;76631;50.7;49.3;39.2;15.3;84.2;11.1;0.4;1.4;0.1;0.3;2.9;81.7;11.0;58343;;;
Collier County, Florida;365136;48.9;51.1;50.3;30.9;88.0;7.2;0.3;1.3;0.0;2.2;27.0;63.6;7.0;251090;;;
Collin County, Texas;939585;49.1;50.9;36.5;10.5;70.4;9.3;0.4;14.1;0.1;2.5;15.1;58.3;9.3;606908;;;
Columbia County, Florida;69299;52.1;47.9;41.2;18.2;76.3;19.6;0.1;0.8;0.1;1.9;6.0;72.9;19.2;52993;;;
Columbia County, Georgia;147450;48.8;51.2;36.2;12.6;73.5;16.9;0.6;4.3;0.0;1.0;6.6;69.5;16.6;103537;;;
Columbia County, Pennsylvania;66420;47.7;52.3;40.6;18.2;94.4;2.2;0.1;1.2;0.0;1.2;2.7;93.1;2.0;53830;;;
Columbiana County, Ohio;103685;50.8;49.2;44.2;19.1;94.5;2.7;0.2;0.0;0.0;1.1;1.6;94.1;2.7;81531;;;
Comal County, Texas;134788;49.5;50.5;42.6;18.0;89.4;2.3;0.1;1.1;0.1;5.5;26.9;68.5;2.3;100198;;;
Comanche County, Oklahoma;122136;52.2;47.8;33.3;11.6;62.5;18.6;5.4;2.2;0.2;2.3;12.7;56.4;17.0;89670;;;
Contra Costa County, California;1135127;48.9;51.1;39.5;15.0;58.0;8.6;0.3;16.2;0.4;9.2;25.4;44.3;8.2;751033;;;
Cook County, Illinois;5203499;48.6;51.4;36.5;13.6;56.1;23.5;0.3;7.1;0.0;10.3;25.3;42.3;23.3;3520005;;;
Coryell County, Texas;74686;50.6;49.4;31.7;9.8;72.1;10.6;1.3;2.2;0.7;1.1;18.0;59.1;10.3;55029;;;
Coweta County, Georgia;140526;48.6;51.4;39.0;12.6;75.5;17.9;0.1;1.2;0.1;2.4;6.8;71.3;17.7;101991;;;
Cowlitz County, Washington;105160;48.5;51.5;42.4;19.0;90.4;0.4;1.3;0.9;0.1;1.7;8.8;84.0;0.4;79956;;;
Craighead County, Arkansas;105835;49.6;50.4;34.5;13.7;79.5;14.4;0.0;1.3;0.0;2.3;4.9;76.7;14.4;77227;;;
Craven County, North Carolina;103445;51.1;48.9;37.4;18.4;69.2;19.9;0.8;3.1;0.0;2.9;7.1;65.9;19.4;78882;;;
Crawford County, Pennsylvania;86257;48.8;51.2;42.7;19.2;95.8;1.7;0.0;0.4;0.1;0.2;1.2;95.0;1.7;67377;;;
Creek County, Oklahoma;71312;49.5;50.5;40.0;17.2;79.8;1.9;11.6;0.3;0.1;0.4;4.0;76.6;1.9;53137;;;
Cullman County, Alabama;82471;49.3;50.7;40.4;18.3;95.8;1.3;0.8;0.9;0.0;0.7;4.3;92.3;1.3;63745;;;
Cumberland County, Maine;292041;48.4;51.6;42.2;17.2;92.0;2.9;0.3;2.1;0.0;0.2;2.0;90.6;2.8;229994;;;
Cumberland County, New Jersey;153797;51.2;48.8;36.8;14.6;67.4;18.7;1.3;1.5;0.0;6.7;30.2;46.8;17.7;107294;;;
Cumberland County, North Carolina;327127;49.1;50.9;32.0;11.5;49.8;38.1;1.5;2.3;0.2;2.3;11.3;43.7;36.5;236976;;;
Cumberland County, Pennsylvania;248506;49.5;50.5;40.2;17.6;87.8;4.1;0.1;4.4;0.0;1.7;3.7;86.5;3.9;191646;;;
Cuyahoga County, Ohio;1249352;47.7;52.3;40.2;17.2;62.5;29.4;0.2;2.8;0.0;1.7;5.7;59.2;29.1;953736;;;
Dakota County, Minnesota;417486;49.3;50.7;37.6;13.2;82.7;5.8;0.3;4.8;0.0;2.9;6.8;79.2;5.6;298815;;;
Dallas County, Iowa;84516;49.4;50.6;35.2;11.7;90.7;1.2;0.1;4.2;0.0;0.8;6.0;86.0;1.2;57458;;;
Dallas County, Texas;2574984;49.2;50.8;33.3;10.1;61.8;22.6;0.3;6.1;0.1;6.2;39.9;29.7;22.3;1477187;;;
Dane County, Wisconsin;531273;49.5;50.5;35.0;12.8;83.5;4.7;0.4;5.8;0.0;2.1;6.3;80.0;4.6;394131;;;
Darlington County, South Carolina;67234;46.3;53.7;41.2;17.8;N;N;N;N;N;N;1.9;N;N;51276;;;
Dauphin County, Pennsylvania;273707;48.2;51.8;39.6;15.8;70.8;19.3;0.3;4.4;0.0;2.9;8.9;66.5;17.9;204416;;;
Davidson County, North Carolina;164926;48.2;51.8;42.3;17.8;84.7;8.3;0.1;1.6;0.0;2.6;7.0;80.5;8.3;124580;;;
Davidson County, Tennessee;684410;48.1;51.9;34.2;11.5;64.6;27.4;0.2;3.8;0.1;1.6;10.1;56.3;27.3;486802;;;
Daviess County, Kentucky;99674;48.6;51.4;38.9;16.5;91.4;5.1;0.0;1.6;0.0;0.2;2.9;88.7;5.1;73398;;;
Davis County, Utah;342281;50.6;49.4;30.9;9.4;88.9;1.4;0.5;1.8;0.8;3.3;9.4;84.0;1.3;223769;;;
DeKalb County, Alabama;70900;48.7;51.3;39.8;16.7;87.6;1.5;1.2;0.1;0.1;7.2;14.3;80.7;1.5;50353;;;
DeKalb County, Georgia;740321;47.3;52.7;35.4;11.1;35.0;54.5;0.7;6.2;0.0;1.3;8.5;29.0;54.0;503333;;;
DeKalb County, Illinois;104528;50.5;49.5;30.9;11.5;83.0;7.1;0.1;2.3;0.0;4.3;11.1;76.9;7.0;77972;;;
Delaware County, Indiana;115603;48.8;51.2;35.4;16.5;87.6;7.7;0.2;1.3;0.3;0.8;2.3;86.8;7.3;92534;;;
Delaware County, Ohio;196463;49.6;50.4;38.1;12.4;88.1;3.5;0.1;5.8;0.0;0.4;2.6;85.8;3.5;137654;;;
Delaware County, Pennsylvania;563402;48.1;51.9;39.0;15.7;69.2;21.3;0.2;5.8;0.0;1.1;3.7;67.3;21.0;416017;;;
Denton County, Texas;806180;49.2;50.8;35.1;9.4;74.3;9.2;0.5;7.9;0.1;4.0;19.2;60.1;8.9;544590;;;
Denver County, Colorado;693060;50.1;49.9;34.4;11.2;75.4;9.8;0.8;3.7;0.1;6.8;30.2;54.0;9.2;492779;;;
Deschutes County, Oregon;181307;49.6;50.4;41.8;19.5;92.6;0.6;0.4;1.0;0.0;2.0;7.8;87.4;0.5;140633;;;
DeSoto County, Mississippi;175611;48.5;51.5;37.2;12.3;68.3;26.3;0.2;1.5;0.0;2.0;4.7;65.6;26.3;126890;;;
District of Columbia, District of Columbia;681170;47.5;52.5;33.9;11.6;40.7;47.1;0.3;3.9;0.0;5.5;10.9;36.3;46.4;513470;;;
Do?a Ana County, New Mexico;214207;49.3;50.7;33.5;15.2;90.8;1.7;1.2;1.1;0.0;4.0;68.0;27.7;1.6;137553;;;
Dodge County, Wisconsin;88068;52.9;47.1;42.1;17.1;96.8;1.8;0.1;0.1;0.0;0.2;4.7;92.4;1.8;69203;;;
Dorchester County, South Carolina;153773;49.0;51.0;36.3;12.9;67.1;24.6;0.7;1.8;0.0;2.1;5.2;64.0;24.6;112966;;;
Dougherty County, Georgia;90017;45.4;54.6;35.2;14.4;26.9;69.3;0.3;0.9;0.1;0.7;2.7;25.6;69.2;67096;;;
Douglas County, Colorado;328632;49.9;50.1;38.9;11.0;89.6;1.4;0.4;4.7;0.1;1.1;8.5;83.1;1.2;229710;;;
Douglas County, Georgia;142224;48.4;51.6;36.0;11.2;47.3;47.4;0.1;1.6;0.0;2.0;9.4;42.0;45.6;98862;;;
Douglas County, Kansas;119440;49.8;50.2;30.0;11.2;82.0;4.1;1.5;5.2;0.0;2.5;6.1;78.7;4.0;92297;;;
Douglas County, Nebraska;554995;49.4;50.6;34.5;12.2;80.0;11.1;0.3;3.5;0.1;2.0;12.4;70.0;11.0;378286;;;
Douglas County, Oregon;108457;49.8;50.2;47.2;24.4;92.3;0.6;1.0;0.9;0.1;0.6;5.6;88.2;0.6;85396;;;
Dubuque County, Iowa;97003;49.5;50.5;38.0;17.0;93.3;3.6;0.1;1.2;0.3;0.3;2.3;91.1;3.6;73816;;;
DuPage County, Illinois;929368;49.0;51.0;39.0;14.4;76.8;4.9;0.1;11.5;0.1;3.8;14.3;67.4;4.8;649531;;;
Durham County, North Carolina;306212;47.8;52.2;35.1;12.0;51.6;36.9;0.2;5.1;0.1;3.4;13.4;42.2;36.5;213322;;;
Dutchess County, New York;294473;49.5;50.5;41.8;16.4;79.0;10.7;0.3;3.6;0.1;3.1;12.0;71.3;10.0;224156;;;
Duval County, Florida;926255;48.5;51.5;36.1;13.5;60.5;29.3;0.2;4.3;0.0;1.8;9.2;53.8;29.0;681544;;;
East Baton Rouge Parish, Louisiana;447037;47.7;52.3;33.3;13.1;47.0;46.0;0.1;3.3;0.0;1.9;4.0;45.0;45.9;332833;;;
Eaton County, Michigan;109160;49.0;51.0;40.9;17.1;87.1;5.5;0.5;1.9;0.2;1.0;5.2;83.1;5.4;83995;;;
Eau Claire County, Wisconsin;102965;49.5;50.5;34.2;14.6;92.5;0.7;0.4;4.5;0.0;0.2;2.3;90.4;0.7;80130;;;
Ector County, Texas;157462;50.9;49.1;30.4;9.6;85.3;4.9;0.7;1.1;0.0;5.5;59.7;33.5;4.3;98883;;;
El Dorado County, California;185625;50.3;49.7;46.1;19.2;87.5;1.0;1.3;4.8;0.2;2.0;12.8;77.7;1.0;139547;;;
El Paso County, Colorado;688284;50.6;49.4;33.9;12.1;80.3;6.3;0.5;2.7;0.4;3.7;16.7;69.8;6.0;497966;;;
El Paso County, Texas;837918;49.1;50.9;32.1;11.9;80.5;3.6;0.6;1.3;0.0;11.4;82.2;12.3;3.2;493973;;;
Elkhart County, Indiana;203781;49.4;50.6;36.2;13.9;88.8;5.5;0.5;1.1;0.2;1.6;15.5;75.0;5.5;135512;;;
Ellis County, Texas;168499;49.4;50.6;36.1;12.6;83.8;9.8;0.7;0.8;0.0;1.4;25.9;61.8;9.4;114669;;;
Elmore County, Alabama;81799;48.8;51.2;38.3;14.7;N;N;N;N;N;N;1.0;73.4;24.1;62725;;;
Erie County, New York;921046;48.4;51.6;40.0;17.1;78.1;13.3;0.5;3.7;0.0;2.0;5.3;75.8;12.9;707955;;;
Erie County, Ohio;75107;48.8;51.2;46.2;21.6;85.5;9.2;0.1;0.8;0.0;1.0;4.4;83.2;8.3;58905;;;
Erie County, Pennsylvania;276207;49.4;50.6;39.2;16.5;87.5;7.3;0.2;1.8;0.1;0.7;4.1;84.6;7.0;210900;;;
Escambia County, Florida;315187;49.6;50.4;37.3;16.4;68.8;22.3;0.5;3.1;0.0;1.2;5.6;64.6;22.2;242911;;;
Essex County, Massachusetts;779018;48.3;51.7;41.3;16.4;81.6;4.0;0.2;3.5;0.0;8.2;20.0;71.4;3.1;560991;;;
Essex County, New Jersey;796914;48.1;51.9;37.2;12.9;44.6;39.8;0.2;5.3;0.0;7.4;22.7;31.1;38.6;526739;;;
Etowah County, Alabama;102564;48.6;51.4;41.2;18.2;81.1;16.0;0.5;0.8;0.0;0.1;3.8;78.0;15.3;77641;;;
Fairbanks North Star Borough, Alaska;100605;55.3;44.7;30.6;8.6;75.0;4.4;7.4;3.9;0.5;2.3;7.9;70.1;4.2;73158;;;
Fairfax County, Virginia;1138652;49.6;50.4;38.1;12.4;61.9;9.7;0.2;19.1;0.1;4.7;16.1;51.2;9.5;723138;;;
Fairfield County, Connecticut;944177;48.7;51.3;40.4;14.8;73.8;11.7;0.3;5.3;0.1;5.6;19.4;62.1;10.6;627232;;;
Fairfield County, Ohio;152597;50.0;50.0;40.2;15.0;87.5;7.3;0.3;1.0;0.0;0.9;2.1;86.8;7.3;114299;;;
Faulkner County, Arkansas;122227;48.5;51.5;33.1;12.0;82.1;10.4;0.2;1.1;0.6;2.3;4.0;80.8;10.4;91659;;;
Fauquier County, Virginia;69069;49.8;50.2;41.5;15.8;86.5;7.2;0.5;1.9;0.0;0.5;7.8;80.6;7.2;49965;;;
Fayette County, Georgia;111627;48.3;51.7;43.3;17.3;68.8;21.4;0.2;4.4;0.0;1.9;7.1;63.4;21.3;80611;;;
Fayette County, Kentucky;318449;49.1;50.9;34.4;12.1;75.0;14.5;0.3;3.7;0.1;3.2;6.9;71.0;14.3;232399;;;
Fayette County, Pennsylvania;132733;49.3;50.7;44.8;19.8;92.5;4.0;0.0;0.2;0.0;0.4;1.1;92.0;4.0;106420;;;
Flagler County, Florida;108310;48.4;51.6;51.1;30.7;83.3;10.9;0.0;2.6;0.0;2.0;10.3;74.6;10.8;86628;;;
Flathead County, Montana;98082;49.3;50.7;42.3;17.9;94.5;0.3;0.9;0.3;0.2;0.7;2.6;93.1;0.3;75522;;;
Florence County, South Carolina;138742;46.5;53.5;39.0;16.1;54.4;42.9;0.1;1.3;0.0;0.2;2.6;52.2;42.9;103787;;;
Floyd County, Georgia;96560;48.7;51.3;38.7;16.1;77.1;14.1;0.0;1.7;0.0;4.9;10.8;70.4;14.1;68172;;;
Floyd County, Indiana;76990;49.1;50.9;40.4;15.7;90.7;5.1;0.2;1.0;0.0;0.3;3.1;88.1;5.1;58684;;;
Fond du Lac County, Wisconsin;102144;48.8;51.2;41.0;17.4;92.1;0.7;0.5;1.5;0.0;3.0;5.1;90.1;0.7;76926;;;
Forrest County, Mississippi;75979;46.7;53.3;31.9;13.0;N;N;N;N;N;N;2.9;N;N;57392;;;
Forsyth County, Georgia;221009;49.6;50.4;38.7;12.1;81.2;3.4;0.2;11.7;0.0;1.5;9.3;73.7;3.3;139318;;;
Forsyth County, North Carolina;371511;47.6;52.4;38.0;15.0;66.2;26.3;0.4;2.3;0.0;2.4;12.7;57.0;25.8;266996;;;
Fort Bend County, Texas;741237;49.1;50.9;36.0;10.4;52.5;20.5;0.4;19.8;0.0;4.6;24.2;34.0;20.2;450808;;;
Franklin County, Massachusetts;70382;48.9;51.1;45.9;19.6;93.3;1.0;0.4;1.0;0.4;0.8;3.8;91.0;0.8;56402;;;
Franklin County, Missouri;102838;50.3;49.7;40.9;16.6;96.2;0.8;0.1;0.6;0.3;0.6;1.7;N;N;78431;;;
Franklin County, Ohio;1264518;48.8;51.2;34.0;11.3;67.6;22.2;0.2;5.0;0.1;1.2;5.3;64.1;21.9;905381;;;
Franklin County, Pennsylvania;153851;49.8;50.2;41.8;19.0;92.8;4.2;0.3;1.1;0.0;0.4;5.5;88.3;4.0;116720;;;
Franklin County, Washington;90160;51.6;48.4;29.3;8.0;60.7;1.9;0.8;2.0;0.8;29.8;53.0;40.7;1.4;45487;;;
Frederick County, Maryland;247591;49.2;50.8;39.3;13.7;81.1;10.4;0.5;4.7;0.0;0.9;9.1;74.3;9.8;177210;;;
Frederick County, Virginia;84421;49.5;50.5;40.9;16.1;90.7;3.2;0.5;1.4;0.0;1.0;8.0;84.2;3.2;62355;;;
Fresno County, California;979915;49.9;50.1;32.1;11.8;65.4;4.9;1.0;10.4;0.1;14.7;52.8;29.9;4.6;580677;;;
Fulton County, Georgia;1023336;48.4;51.6;35.4;11.1;44.5;43.7;0.9;6.7;0.1;1.2;7.3;40.0;43.2;716846;;;
Gallatin County, Montana;104502;51.9;48.1;33.7;12.0;95.0;0.4;1.1;1.4;0.0;0.0;3.4;92.1;0.4;80969;;;
Galveston County, Texas;329431;49.3;50.7;37.1;13.4;78.4;13.2;0.8;3.5;0.0;2.2;24.1;57.8;12.8;229538;;;
Garland County, Arkansas;97477;48.2;51.8;44.0;22.0;86.4;8.7;1.0;1.1;0.0;1.4;5.4;82.4;8.7;74290;;;
Gaston County, North Carolina;216965;48.2;51.8;39.8;15.6;77.4;15.8;0.5;1.7;0.0;2.4;6.8;73.3;15.7;162624;;;
Geauga County, Ohio;94060;49.3;50.7;44.9;19.0;N;N;N;N;N;N;1.4;95.7;1.4;71500;;;
Genesee County, Michigan;408615;48.1;51.9;39.9;16.5;74.6;19.9;0.4;1.0;0.1;0.6;3.4;72.3;19.6;311157;;;
Gloucester County, New Jersey;292330;48.5;51.5;39.7;15.0;81.3;10.2;0.1;3.1;0.0;2.1;6.0;78.9;10.0;221580;;;
Glynn County, Georgia;84502;47.0;53.0;41.0;18.0;68.8;25.3;0.4;1.3;0.2;1.3;6.9;63.5;25.0;61688;;;
Grafton County, New Hampshire;88888;49.2;50.8;43.1;19.8;92.6;1.1;0.2;3.9;0.0;0.3;2.3;91.0;1.1;72254;;;
Grand Forks County, North Dakota;71083;51.6;48.4;29.9;11.9;87.8;4.0;2.5;2.5;0.0;0.1;4.0;84.6;4.0;55122;;;
Grand Traverse County, Michigan;92084;48.5;51.5;43.4;18.7;94.9;1.0;1.0;0.5;0.1;0.4;2.8;92.2;1.0;71655;;;
Grant County, Indiana;66937;48.3;51.7;39.9;18.7;88.1;7.4;0.4;0.4;0.0;1.0;4.2;85.2;7.4;52638;;;
Grant County, Washington;93546;50.3;49.7;32.9;13.5;63.3;0.6;0.9;0.8;0.0;28.5;41.0;54.5;0.6;53723;;;
Grays Harbor County, Washington;71628;52.7;47.3;43.9;20.1;87.1;1.7;4.2;1.8;0.2;0.7;9.9;79.4;1.7;55524;;;
Grayson County, Texas;128235;48.9;51.1;40.0;17.6;86.6;4.3;1.1;1.4;0.0;2.4;13.0;76.1;4.3;94379;;;
Greene County, Missouri;288690;48.9;51.1;36.0;15.9;89.4;3.5;0.8;2.0;0.0;1.7;3.6;87.7;3.5;223554;;;
Greene County, Ohio;164765;48.8;51.2;38.6;16.3;85.6;7.1;0.1;3.0;0.0;1.0;2.8;83.8;7.0;126541;;;
Greene County, Tennessee;68615;49.5;50.5;44.9;21.2;94.6;2.0;0.2;0.3;0.0;0.5;2.8;93.2;2.0;55232;;;
Greenville County, South Carolina;498766;48.5;51.5;38.1;15.1;74.6;18.3;0.4;2.3;0.1;2.3;9.0;68.7;18.1;361035;;;
Greenwood County, South Carolina;70133;45.8;54.2;37.8;17.5;65.1;30.4;0.0;1.3;0.0;1.8;6.1;N;N;51462;;;
Gregg County, Texas;123745;49.4;50.6;35.5;14.6;74.5;20.8;0.4;1.5;0.0;0.8;18.6;57.7;20.3;82987;;;
Guadalupe County, Texas;155265;49.4;50.6;37.0;13.6;68.6;7.1;0.1;2.0;1.1;18.1;37.6;50.9;6.8;109463;;;
Guilford County, North Carolina;521330;47.4;52.6;37.1;14.5;55.8;33.6;0.4;5.0;0.1;2.9;7.9;51.0;33.2;376976;;;
Gwinnett County, Georgia;907135;48.9;51.1;35.2;9.3;48.3;27.4;0.1;11.5;0.0;9.7;20.8;38.1;26.6;541222;;;
Hall County, Georgia;196637;49.6;50.4;36.5;14.3;85.8;7.5;0.2;1.8;0.1;2.4;28.0;61.3;7.4;120684;;;
Hamilton County, Indiana;316373;48.4;51.6;36.9;11.6;87.3;3.7;0.1;5.5;0.0;0.8;3.9;84.1;3.7;218671;;;
Hamilton County, Ohio;809099;48.2;51.8;37.0;14.7;67.1;25.8;0.1;2.6;0.0;1.5;3.1;65.5;25.6;601314;;;
Hamilton County, Tennessee;357738;48.5;51.5;39.0;16.5;75.8;19.7;0.1;1.9;0.0;0.3;5.4;71.3;19.2;274596;;;
Hampden County, Massachusetts;468467;48.2;51.8;38.9;15.8;82.8;8.7;0.2;2.2;0.0;3.2;24.6;63.5;7.9;351516;;;
Hampshire County, Massachusetts;161816;46.9;53.1;36.6;16.3;88.5;2.4;0.0;4.5;0.2;0.7;5.6;83.8;2.4;131367;;;
Hampton city, Virginia;135410;47.4;52.6;36.2;14.2;41.5;50.8;0.1;2.6;0.4;1.4;5.5;38.5;49.8;105677;;;
Hancock County, Indiana;73717;49.6;50.4;39.9;15.5;N;N;N;N;N;N;2.3;N;N;55649;;;
Hancock County, Ohio;75872;49.1;50.9;38.2;16.6;92.5;1.1;0.0;1.9;0.0;1.8;5.3;89.1;1.1;57222;;;
Hanover County, Virginia;104392;49.5;50.5;44.1;16.6;86.7;8.6;0.3;1.0;0.1;0.2;2.9;84.4;8.6;80542;;;
Hardin County, Kentucky;107316;49.5;50.5;37.3;13.2;78.5;12.6;0.2;1.7;0.3;1.9;5.4;76.2;11.7;79850;;;
Harford County, Maryland;251032;48.8;51.2;41.2;15.4;78.9;13.3;0.2;2.3;0.0;1.2;4.4;76.7;12.8;190660;;;
Harnett County, North Carolina;130881;50.1;49.9;34.0;11.7;66.4;21.0;0.7;0.7;0.2;6.7;12.4;61.9;20.6;92060;;;
Harris County, Texas;4589928;49.7;50.3;33.3;9.8;62.8;19.0;0.3;6.9;0.1;8.6;42.4;30.2;18.6;2652609;;;
Harrison County, Mississippi;203234;49.1;50.9;35.6;13.6;68.6;24.3;0.6;2.8;0.0;0.8;5.4;64.3;24.3;149939;;;
Harrison County, Texas;66534;47.9;52.1;37.2;15.6;N;N;N;N;N;N;13.0;N;N;48010;;;
Harrison County, West Virginia;68400;48.6;51.4;41.8;18.7;N;N;N;N;N;N;1.6;N;N;53475;;;
Hartford County, Connecticut;892389;48.6;51.4;40.6;16.2;71.3;13.5;0.3;5.1;0.0;6.4;17.6;61.9;12.9;653961;;;
Hawaii County, Hawaii;198449;49.9;50.1;42.6;19.1;32.6;0.8;0.1;23.9;13.6;1.2;12.6;30.2;0.7;146839;;;
Hays County, Texas;204470;49.0;51.0;31.2;10.5;90.1;4.2;0.2;1.6;0.0;1.8;38.1;54.5;4.0;147783;;;
Henderson County, North Carolina;114209;47.9;52.1;47.3;25.6;93.0;4.6;0.0;1.4;0.0;0.3;9.9;83.7;4.2;87561;;;
Henderson County, Texas;79901;48.1;51.9;43.7;21.4;90.0;6.0;1.2;0.1;0.3;0.5;12.2;78.6;6.0;57965;;;
Hendricks County, Indiana;160610;49.6;50.4;36.8;12.9;87.1;8.3;0.3;2.8;0.0;0.5;3.8;85.2;6.8;116450;;;
Hennepin County, Minnesota;1232483;49.4;50.6;36.3;13.2;72.5;12.9;0.8;7.0;0.0;3.3;6.9;69.4;12.7;879517;;;
Henrico County, Virginia;326501;47.1;52.9;38.8;14.8;57.7;29.4;0.2;8.3;0.1;1.2;5.3;54.0;29.2;234407;;;
Henry County, Georgia;221768;47.8;52.2;36.5;10.8;49.9;42.7;0.0;3.6;0.0;1.2;6.6;45.1;42.2;155930;;;
Hernando County, Florida;182835;47.9;52.1;49.0;27.6;88.8;5.4;0.1;1.2;0.0;1.5;12.4;78.6;4.5;144879;;;
Hidalgo County, Texas;849843;48.9;51.1;29.2;11.0;84.4;0.3;0.2;1.1;0.0;12.5;91.8;6.6;0.3;417432;;;
Highlands County, Florida;100917;47.4;52.6;54.4;34.1;78.0;10.3;0.1;1.3;0.0;8.9;19.1;68.0;10.0;76530;;;
Hillsborough County, Florida;1376238;48.7;51.3;37.0;13.7;70.6;16.6;0.3;4.0;0.1;5.0;27.6;50.0;15.4;944778;;;
Hillsborough County, New Hampshire;407761;50.0;50.0;40.4;14.9;90.1;2.4;0.1;3.6;0.0;1.3;6.5;85.2;2.2;306263;;;
Hinds County, Mississippi;241229;46.7;53.3;34.4;13.0;25.5;72.5;0.1;0.8;0.1;0.6;1.6;24.7;72.2;178469;;;
Honolulu County, Hawaii;992605;50.6;49.4;37.5;16.6;21.1;2.3;0.2;42.4;9.4;0.8;9.7;18.5;2.2;707435;;;
Horry County, South Carolina;322342;48.2;51.8;45.3;22.2;80.9;13.7;0.5;1.4;0.1;2.1;6.0;77.1;13.5;252956;;;
Houston County, Alabama;104056;48.1;51.9;39.5;16.8;69.0;26.7;0.4;1.0;0.0;1.0;3.2;66.9;26.5;78411;;;
Houston County, Georgia;152122;49.0;51.0;35.4;12.6;61.6;29.6;0.4;3.0;0.0;1.2;6.6;57.2;29.5;109343;;;
Howard County, Indiana;82568;48.8;51.2;41.4;19.1;87.2;9.3;0.4;0.3;0.1;1.3;3.3;85.6;9.3;63404;;;
Howard County, Maryland;317233;48.8;51.2;38.6;13.1;58.7;18.3;0.1;18.0;0.0;0.9;6.6;53.3;18.2;215259;;;
Hudson County, New Jersey;677983;49.8;50.2;34.9;11.0;54.3;12.0;0.4;15.1;0.1;14.2;43.2;28.5;10.6;392851;;;
Humboldt County, California;136646;49.4;50.6;37.9;16.8;81.1;0.9;5.3;3.1;0.0;2.3;11.3;74.2;0.7;107277;;;
Hunt County, Texas;92073;49.4;50.6;38.1;15.2;77.9;8.3;1.3;1.6;0.0;10.1;15.7;72.4;8.3;66798;;;
Hunterdon County, New Jersey;124676;50.2;49.8;46.2;16.7;90.8;2.8;0.0;3.8;0.1;1.0;6.4;85.9;2.5;93787;;;
Iberia Parish, Louisiana;73273;47.1;52.9;36.8;14.2;59.7;31.8;0.4;2.5;0.0;2.8;4.1;58.9;31.6;52376;;;
Imperial County, California;180883;51.2;48.8;32.5;12.8;61.3;2.3;1.0;1.5;0.2;30.1;83.8;11.1;2.0;103649;;;
Indian River County, Florida;151563;47.9;52.1;53.0;32.0;85.1;7.6;0.3;1.3;0.0;2.4;12.0;76.0;7.6;120946;;;
Indiana County, Pennsylvania;86364;50.5;49.5;39.7;18.4;94.8;2.6;0.3;1.1;0.1;0.2;1.3;94.0;2.5;69943;;;
Ingham County, Michigan;288051;48.3;51.7;31.8;12.5;74.3;11.7;0.3;6.6;0.1;1.9;7.7;70.1;11.1;214893;;;
Iredell County, North Carolina;172916;49.2;50.8;40.8;15.1;82.5;12.5;0.1;2.6;0.0;1.0;7.5;76.2;12.4;124787;;;
Isabella County, Michigan;71282;48.8;51.2;27.8;11.5;87.9;2.1;1.9;2.0;0.0;0.6;3.8;85.5;2.1;57727;;;
Island County, Washington;82636;51.5;48.5;45.4;23.7;85.7;2.4;1.1;4.7;0.4;1.1;7.4;79.6;2.4;65244;;;
Jackson County, Michigan;158460;51.0;49.0;41.2;16.8;87.3;8.5;0.4;0.8;0.1;0.5;3.5;84.7;8.4;122206;;;
Jackson County, Mississippi;141241;47.9;52.1;38.0;14.6;70.0;22.4;0.4;2.7;0.0;3.0;6.2;68.0;22.1;105344;;;
Jackson County, Missouri;691801;48.3;51.7;36.5;14.1;67.0;23.4;0.4;1.8;0.4;3.8;9.0;62.3;23.1;506424;;;
Jackson County, Oregon;216527;48.8;51.2;43.1;21.0;89.1;0.6;1.1;1.3;0.3;3.7;12.5;81.3;0.6;165377;;;
James City County, Virginia;74404;46.8;53.2;47.2;25.3;78.9;12.8;0.0;2.2;0.0;1.0;5.4;75.3;12.6;57574;;;
Jasper County, Missouri;119111;48.4;51.6;36.3;14.4;90.3;2.2;1.9;1.4;0.1;1.8;8.0;84.2;2.2;85514;;;
Jefferson County, Alabama;659521;47.1;52.9;38.0;15.1;51.6;42.5;0.3;1.3;0.0;2.1;3.7;50.1;42.3;490376;;;
Jefferson County, Arkansas;70016;49.7;50.3;39.0;16.3;40.7;57.4;0.1;0.4;0.0;0.6;2.0;39.3;57.4;53878;;;
Jefferson County, Colorado;571837;49.7;50.3;40.2;15.6;90.9;1.3;0.6;3.0;0.0;1.7;15.2;78.5;1.0;440110;;;
Jefferson County, Kentucky;765352;48.4;51.6;38.3;15.3;72.0;21.6;0.2;2.7;0.1;0.7;5.1;68.2;21.3;568152;;;
Jefferson County, Missouri;224226;49.5;50.5;39.3;14.2;96.2;1.0;0.3;0.8;0.0;0.2;1.9;94.6;1.0;169819;;;
Jefferson County, New York;114006;51.9;48.1;33.1;13.2;86.5;5.1;1.5;1.8;0.0;1.2;7.2;82.0;4.8;84983;;;
Jefferson County, Ohio;66704;48.5;51.5;44.6;19.9;N;N;N;N;N;N;1.4;N;N;53062;;;
Jefferson County, Texas;254679;51.3;48.7;35.9;13.7;59.0;33.8;0.3;3.9;0.1;1.7;19.9;41.3;33.7;175601;;;
Jefferson County, Wisconsin;84625;50.3;49.7;39.6;15.9;94.1;0.9;0.2;0.3;0.2;1.7;7.1;N;N;64914;;;
Jefferson Parish, Louisiana;436523;48.4;51.6;39.0;16.0;62.1;26.8;0.4;4.3;0.0;4.3;14.5;53.0;26.3;312994;;;
Johnson County, Indiana;151982;48.6;51.4;37.5;14.3;91.4;2.6;0.3;3.4;0.0;1.5;3.5;90.0;2.6;109161;;;
Johnson County, Iowa;146547;49.3;50.7;30.0;10.4;81.6;7.0;0.0;6.9;0.0;2.7;5.5;79.2;6.9;106534;;;
Johnson County, Kansas;584451;49.0;51.0;37.6;13.7;86.5;4.3;0.2;4.7;0.1;1.0;7.5;80.4;4.3;417430;;;
Johnson County, Texas;163274;49.8;50.2;36.9;14.0;91.4;3.3;0.7;0.8;0.5;1.2;20.6;73.2;3.1;117789;;;
Johnston County, North Carolina;191450;49.3;50.7;38.0;12.6;78.3;16.6;0.4;0.3;0.0;1.6;13.3;68.4;15.7;132851;;;
Jones County, Mississippi;67953;48.2;51.8;36.8;16.0;N;N;N;N;N;N;4.4;N;N;49155;;;
Josephine County, Oregon;85904;47.8;52.2;47.1;25.8;93.3;1.7;1.9;0.8;0.0;0.3;7.3;87.1;1.7;68981;;;
Kalamazoo County, Michigan;261654;48.8;51.2;34.7;14.3;81.1;10.8;0.1;2.6;0.0;0.9;4.8;77.7;10.6;198068;;;
Kanawha County, West Virginia;186241;47.5;52.5;43.4;19.0;88.5;7.0;0.2;1.2;0.0;0.1;1.1;87.6;7.0;147558;;;
Kane County, Illinois;531715;49.9;50.1;37.2;12.6;70.4;5.6;0.5;4.0;0.0;17.2;31.8;57.3;5.5;341540;;;
Kankakee County, Illinois;110008;49.0;51.0;38.2;15.6;79.0;15.7;0.4;0.9;0.0;2.5;10.4;71.8;15.6;81173;;;
Kauai County, Hawaii;72029;48.7;51.3;42.3;18.8;32.4;0.9;0.8;33.6;7.9;0.3;11.0;29.6;0.7;51820;;;
Kaufman County, Texas;118350;49.6;50.4;36.0;11.9;83.5;10.8;0.3;1.2;0.0;2.4;20.5;65.8;10.7;79532;;;
Kendall County, Illinois;124695;49.2;50.8;35.2;10.3;80.3;6.6;0.3;3.1;0.0;6.2;18.0;70.3;6.4;83286;;;
Kennebec County, Maine;120569;49.3;50.7;43.3;18.0;95.6;1.1;0.5;1.1;0.2;0.2;1.5;94.8;0.7;95166;;;
Kenosha County, Wisconsin;168183;49.3;50.7;39.0;13.0;85.1;7.2;0.5;1.5;0.1;1.9;13.0;76.1;6.9;123627;;;
Kent County, Delaware;174827;48.0;52.0;37.5;16.6;66.3;25.2;0.5;1.8;0.0;1.5;6.9;62.4;24.3;128056;;;
Kent County, Michigan;642173;49.3;50.7;35.1;12.8;80.2;9.3;0.3;2.9;0.0;3.3;10.4;74.2;8.9;453865;;;
Kent County, Rhode Island;164614;48.2;51.8;43.5;18.0;92.1;1.7;0.1;2.2;0.1;1.2;4.6;89.0;1.5;130464;;;
Kenton County, Kentucky;164945;49.2;50.8;37.4;13.3;90.6;4.4;0.1;1.2;0.0;1.0;3.1;88.7;4.4;122147;;;
Kern County, California;884788;51.3;48.7;31.3;10.3;72.6;5.4;1.3;4.6;0.4;12.1;52.8;34.6;5.0;516964;;;
King County, Washington;2149970;50.0;50.0;37.1;12.7;64.8;6.1;0.5;16.8;0.8;4.5;9.5;60.9;5.9;1479289;;;
Kings County, California;149785;55.0;45.0;31.8;9.6;66.6;6.7;1.4;3.5;0.3;17.1;54.2;32.6;6.0;91659;;;
Kings County, New York;2629150;47.4;52.6;34.8;12.7;42.8;32.8;0.3;12.0;0.1;9.0;19.2;35.8;30.4;1663664;;;
Kitsap County, Washington;264811;50.7;49.3;38.5;16.8;80.6;2.5;1.1;4.3;0.8;2.6;7.6;77.0;2.5;203479;;;
Klamath County, Oregon;66443;50.6;49.4;42.1;20.2;86.9;0.2;4.7;1.1;0.3;2.7;12.5;78.3;0.2;49535;;;
Knox County, Tennessee;456132;48.7;51.3;37.3;15.3;85.5;8.8;0.4;2.3;0.1;1.1;4.0;82.5;8.8;348053;;;
Kootenai County, Idaho;154311;49.5;50.5;39.6;18.0;93.2;0.7;1.9;0.9;0.1;1.2;4.4;90.8;0.5;118011;;;
Kosciusko County, Indiana;79092;49.3;50.7;38.7;16.0;95.5;1.2;0.6;0.5;0.0;0.8;7.9;88.3;1.2;58137;;;
La Crosse County, Wisconsin;118122;48.2;51.8;35.5;15.4;90.6;1.1;0.2;4.4;0.0;0.9;1.8;90.1;1.1;93158;;;
Lackawanna County, Pennsylvania;211321;48.2;51.8;41.7;19.6;91.7;2.8;0.1;2.5;0.0;0.6;7.1;86.0;2.5;164421;;;
Lafayette Parish, Louisiana;241398;48.7;51.3;34.1;11.8;70.0;25.4;0.2;1.7;0.0;0.7;4.6;65.8;25.3;178712;;;
Lafourche Parish, Louisiana;98305;48.8;51.2;38.0;14.3;78.9;13.7;2.5;0.5;0.1;2.7;4.4;76.8;13.6;72869;;;
Lake County, California;64116;48.8;51.2;46.5;23.6;76.9;1.4;4.4;0.5;0.0;13.4;20.0;71.1;1.4;48037;;;
Lake County, Florida;335396;48.8;51.2;46.7;26.5;84.5;10.7;0.4;2.0;0.0;0.4;14.7;71.1;10.1;259730;;;
Lake County, Illinois;703047;50.0;50.0;38.5;13.1;75.5;6.7;0.2;7.5;0.0;7.5;21.5;62.3;6.4;466002;;;
Lake County, Indiana;485846;48.3;51.7;38.6;15.4;61.6;24.1;0.3;1.3;0.0;9.9;18.7;54.2;23.9;356809;;;
Lake County, Ohio;228614;48.5;51.5;43.7;18.7;91.1;3.9;0.2;1.4;0.0;1.1;4.2;88.9;3.8;177339;;;
Lancaster County, Nebraska;309637;50.1;49.9;33.1;12.9;86.5;4.0;0.6;4.0;0.0;1.5;6.8;81.7;3.7;225398;;;
Lancaster County, Pennsylvania;538500;49.0;51.0;38.2;17.0;89.5;4.4;0.1;2.0;0.0;1.7;10.2;82.4;3.5;400865;;;
Lancaster County, South Carolina;89594;49.8;50.2;42.6;19.9;72.4;23.1;0.0;0.5;0.0;3.4;5.2;69.9;23.1;68235;;;
Lane County, Oregon;369519;49.2;50.8;39.4;18.4;87.9;1.0;1.1;2.6;0.3;1.9;8.5;82.3;0.9;288848;;;
Lapeer County, Michigan;88340;51.3;48.7;44.6;17.0;95.5;1.1;0.2;0.6;0.1;0.6;4.7;91.8;1.1;69391;;;
LaPorte County, Indiana;110015;52.2;47.8;40.8;16.5;82.9;10.8;0.6;0.8;0.1;2.0;6.5;79.6;10.6;84735;;;
Laramie County, Wyoming;98136;51.1;48.9;36.4;15.1;90.6;2.7;0.5;1.2;0.4;1.2;14.6;78.6;2.6;74175;;;
Larimer County, Colorado;339993;50.1;49.9;35.9;14.8;90.4;1.0;0.8;2.2;0.2;2.0;11.2;82.9;0.9;264530;;;
LaSalle County, Illinois;110642;50.4;49.6;42.6;18.2;94.6;2.8;0.1;0.6;0.1;0.4;9.5;85.8;2.7;85411;;;
Lauderdale County, Alabama;92318;48.9;51.1;41.6;18.6;87.3;10.3;0.1;0.8;0.1;0.1;2.6;84.8;10.3;72306;;;
Lauderdale County, Mississippi;77755;49.6;50.4;37.8;16.3;N;N;N;N;N;N;2.2;N;N;58461;;;
Laurens County, South Carolina;66777;48.7;51.3;39.2;17.5;70.8;22.2;0.2;1.5;0.7;1.5;4.6;68.2;22.2;51080;;;
Lawrence County, Pennsylvania;87294;49.0;51.0;45.0;20.7;93.3;4.7;0.1;0.4;0.0;0.2;1.4;92.3;4.5;69611;;;
Lea County, New Mexico;69749;50.5;49.5;31.5;10.4;89.2;3.1;0.6;0.0;0.1;4.5;57.5;36.5;3.1;40939;;;
Leavenworth County, Kansas;80204;54.6;45.4;36.7;13.3;80.8;9.3;0.6;2.1;0.4;3.9;6.9;79.0;9.2;60003;;;
Lebanon County, Pennsylvania;138863;48.7;51.3;41.2;18.6;87.1;2.6;0.1;1.5;0.0;6.7;12.7;82.8;2.1;105069;;;
Lee County, Alabama;158991;49.8;50.2;31.0;11.1;69.9;23.9;0.0;4.2;0.0;0.5;3.8;67.3;23.4;119593;;;
Lee County, Florida;722336;49.0;51.0;48.2;27.4;85.1;8.4;0.2;1.5;0.0;2.9;20.5;68.3;8.1;535768;;;
Lee County, Mississippi;85381;48.1;51.9;38.3;14.6;67.7;29.0;0.1;0.9;0.0;0.4;2.5;65.9;29.0;62958;;;
Lehigh County, Pennsylvania;363147;48.9;51.1;39.0;16.4;78.9;7.3;0.1;3.2;0.0;7.4;23.3;65.6;5.8;268092;;;
Lenawee County, Michigan;98504;51.0;49.0;42.1;17.5;92.7;3.0;0.7;0.3;0.0;0.7;7.8;86.5;3.0;76500;;;
Leon County, Florida;287822;47.4;52.6;30.8;12.5;61.7;30.6;0.2;3.5;0.1;1.0;6.2;56.7;30.4;223944;;;
Lewis and Clark County, Montana;67282;48.6;51.4;41.6;17.9;93.5;0.4;1.6;0.9;0.0;0.6;3.2;91.5;0.4;52140;;;
Lewis County, Washington;77066;50.6;49.4;43.7;21.4;90.2;0.7;1.7;1.2;0.0;2.4;10.1;83.8;0.3;58963;;;
Lexington County, South Carolina;286196;48.6;51.4;38.9;15.1;79.5;14.5;0.2;1.7;0.0;1.3;5.8;75.3;14.3;211273;;;
Liberty County, Georgia;62570;51.6;48.4;27.2;8.4;47.0;41.1;0.5;1.5;0.0;3.1;12.3;39.8;40.5;43688;;;
Liberty County, Texas;81704;50.8;49.2;36.7;13.0;85.0;10.3;0.5;0.6;0.0;3.1;22.7;65.2;10.3;55684;;;
Licking County, Ohio;172198;48.8;51.2;40.0;16.0;91.9;3.8;0.1;1.2;0.0;0.5;1.8;90.9;3.7;129947;;;
Limestone County, Alabama;92753;51.4;48.6;38.8;14.5;82.2;15.2;0.6;0.4;0.0;0.2;5.8;N;N;69278;;;
Lincoln County, North Carolina;81168;48.9;51.1;44.3;16.4;87.4;4.4;1.4;0.8;0.1;4.0;7.2;84.8;4.4;61972;;;
Linn County, Iowa;221661;49.4;50.6;37.6;14.9;89.4;5.5;0.1;2.4;0.1;0.2;3.2;86.7;5.4;165104;;;
Linn County, Oregon;122849;49.8;50.2;39.4;18.3;90.1;0.5;1.0;1.1;0.1;3.7;8.8;85.2;0.5;90832;;;
Litchfield County, Connecticut;182571;49.5;50.5;46.8;20.0;93.6;1.8;0.1;2.5;0.0;0.9;5.9;89.2;1.6;141872;;;
Livingston County, Michigan;188624;50.2;49.8;43.5;15.9;96.7;0.7;0.2;0.9;0.0;0.1;2.4;94.6;0.7;145344;;;
Livingston County, New York;64257;50.0;50.0;40.7;16.8;92.6;3.1;0.5;1.1;0.1;1.2;3.5;90.8;2.6;52011;;;
Livingston Parish, Louisiana;140138;50.1;49.9;36.3;12.7;N;N;N;N;N;N;3.6;88.0;6.6;101504;;;
Lonoke County, Arkansas;72228;49.7;50.3;36.4;13.8;88.5;5.4;0.4;1.4;0.0;1.8;4.4;86.1;5.4;52825;;;
Lorain County, Ohio;306365;49.2;50.8;41.3;17.2;85.1;8.7;0.2;0.9;0.1;1.4;9.8;78.6;7.8;233257;;;
Los Angeles County, California;10137915;49.3;50.7;36.3;12.9;50.2;8.2;0.6;14.5;0.3;22.3;48.5;26.3;7.8;6272903;;;
Loudoun County, Virginia;385945;49.6;50.4;35.9;8.7;66.9;7.2;0.3;17.6;0.2;3.1;13.7;56.5;7.1;240252;;;
Lowndes County, Georgia;114628;48.9;51.1;30.5;11.8;58.5;38.7;0.2;0.4;0.1;0.8;5.6;54.1;38.4;85355;;;
Lubbock County, Texas;303137;49.2;50.8;30.6;12.0;81.8;7.1;1.3;1.9;0.3;5.1;35.0;54.1;6.8;219649;;;
Lucas County, Ohio;432488;48.5;51.5;38.0;15.4;72.4;19.2;0.2;1.6;0.1;2.5;6.9;69.0;18.9;326354;;;
Luzerne County, Pennsylvania;316383;49.1;50.9;43.1;19.3;90.2;4.4;0.1;1.2;0.0;2.2;10.7;83.1;3.7;246565;;;
Lycoming County, Pennsylvania;115248;48.8;51.2;40.6;18.5;92.4;4.5;0.0;0.6;0.0;0.3;1.9;90.8;4.5;90837;;;
Lynchburg city, Virginia;80212;44.8;55.2;27.7;14.3;66.1;29.5;0.4;1.0;0.0;0.3;3.5;63.2;29.2;63330;;;
Macomb County, Michigan;867730;48.7;51.3;41.0;16.2;81.4;11.6;0.2;3.8;0.0;0.6;2.5;79.5;11.5;651362;;;
Macon County, Illinois;106550;47.9;52.1;41.6;18.8;78.1;12.5;0.2;1.0;0.0;0.5;2.2;76.4;12.5;82258;;;
Madera County, California;154697;48.1;51.9;33.6;13.2;70.9;2.9;2.1;1.8;0.2;18.2;57.4;34.7;2.9;89159;;;
Madison County, Alabama;356967;48.9;51.1;38.8;14.4;68.3;24.5;0.7;2.3;0.1;1.4;4.8;65.0;24.4;268097;;;
Madison County, Illinois;265759;48.5;51.5;40.4;16.3;87.9;8.8;0.1;1.2;0.0;0.4;3.2;85.3;8.8;204644;;;
Madison County, Indiana;129296;49.2;50.8;40.4;17.7;87.7;7.0;0.3;0.4;0.0;0.9;4.0;85.0;7.0;99357;;;
Madison County, Kentucky;89547;47.7;52.3;34.0;12.9;91.5;5.0;0.2;1.2;0.0;0.5;2.3;89.4;5.0;69172;;;
Madison County, Mississippi;105114;48.1;51.9;37.6;13.0;56.4;37.6;0.4;2.6;0.0;2.0;2.8;55.2;37.5;76675;;;
Madison County, New York;71329;49.5;50.5;41.3;16.8;94.6;1.8;0.3;1.0;0.2;0.3;2.1;93.1;1.7;56702;;;
Madison County, Tennessee;97663;47.7;52.3;38.0;16.0;59.5;37.9;0.1;1.0;0.0;0.4;3.7;56.2;37.6;74771;;;
Mahoning County, Ohio;230008;48.8;51.2;43.5;20.0;79.9;15.2;0.2;0.9;0.0;0.7;5.6;76.4;14.8;180821;;;
Manatee County, Florida;375888;48.2;51.8;47.7;26.4;85.2;8.9;0.3;1.9;0.1;1.9;16.1;71.5;8.7;280783;;;
Manitowoc County, Wisconsin;79536;49.6;50.4;44.6;19.4;94.0;0.6;0.5;2.5;0.0;0.3;3.8;90.9;0.6;61647;;;
Marathon County, Wisconsin;135603;50.0;50.0;40.8;16.9;91.0;0.4;0.3;5.9;0.0;0.6;2.8;88.9;0.3;102408;;;
Maricopa County, Arizona;4242997;49.4;50.6;36.2;14.6;76.1;5.4;1.9;4.0;0.2;8.8;30.7;55.9;5.2;2851683;;;
Marin County, California;260651;48.5;51.5;46.1;20.7;76.9;2.3;0.1;5.3;0.2;9.8;16.0;71.1;2.3;182337;;;
Marion County, Florida;349020;48.3;51.7;48.6;28.5;82.2;12.6;0.1;1.2;0.0;0.6;12.5;70.9;12.0;272405;;;
Marion County, Indiana;941229;48.2;51.8;34.3;11.8;61.4;27.6;0.3;3.0;0.0;4.2;10.2;56.1;27.4;652300;;;
Marion County, Ohio;65096;52.8;47.2;41.8;16.9;N;N;N;N;N;N;2.6;N;N;50946;;;
Marion County, Oregon;336316;49.3;50.7;36.4;15.2;78.9;1.4;0.7;2.1;0.7;6.9;26.2;66.0;1.3;226692;;;
Marquette County, Michigan;66435;50.9;49.1;38.4;17.8;92.8;1.2;0.3;1.0;0.0;0.4;1.5;92.3;1.2;53601;;;
Marshall County, Alabama;95157;48.7;51.3;38.0;16.8;94.2;2.9;0.4;0.8;0.0;0.6;13.5;81.3;2.9;68054;;;
Martin County, Florida;158701;49.3;50.7;51.5;30.2;87.7;5.8;0.6;0.8;0.1;3.7;13.2;78.9;5.1;125042;;;
Matanuska-Susitna Borough, Alaska;104365;52.0;48.0;34.2;10.2;82.7;1.0;5.2;1.0;0.1;0.3;4.8;79.3;0.7;74493;;;
Maui County, Hawaii;165379;49.7;50.3;41.1;16.6;36.7;0.3;0.1;30.6;11.4;1.0;11.1;30.2;0.3;112442;;;
Maury County, Tennessee;89981;49.0;51.0;39.9;15.8;83.8;12.1;0.1;0.1;0.0;1.2;5.7;N;N;67789;;;
McCracken County, Kentucky;65162;48.2;51.8;40.7;19.0;N;N;N;N;N;N;2.4;N;N;50706;;;
McHenry County, Illinois;307004;49.7;50.3;39.7;12.9;92.6;1.3;0.1;2.8;0.0;1.3;12.9;81.5;1.2;222589;;;
McKinley County, New Mexico;74923;48.0;52.0;31.6;11.1;13.8;0.2;78.2;1.0;0.3;5.3;13.6;8.4;0.2;51896;;;
McLean County, Illinois;172418;49.0;51.0;32.9;12.1;82.8;8.3;0.2;5.0;0.0;1.0;4.8;79.2;8.3;127347;;;
McLennan County, Texas;247934;48.7;51.3;33.3;13.9;77.1;14.7;0.4;1.6;0.1;3.8;25.8;56.5;14.5;173445;;;
Mecklenburg County, North Carolina;1054835;48.0;52.0;35.0;10.6;54.5;31.7;0.3;5.6;0.1;5.3;13.0;47.4;31.1;711160;;;
Medina County, Ohio;177221;49.4;50.6;42.3;16.6;95.0;1.4;0.3;0.9;0.0;0.6;2.0;93.8;1.3;135661;;;
Mendocino County, California;87628;49.0;51.0;42.8;19.9;81.3;0.5;3.6;1.3;0.3;6.7;25.0;65.2;0.5;60964;;;
Merced County, California;268672;50.4;49.6;30.9;10.8;55.6;3.2;0.9;7.9;0.0;29.0;58.9;28.2;3.1;147204;;;
Mercer County, New Jersey;371023;48.9;51.1;38.5;14.3;64.4;21.1;0.1;11.0;0.2;1.1;17.1;50.3;19.7;251904;;;
Mercer County, Pennsylvania;112913;49.3;50.7;45.1;20.7;91.4;5.7;0.1;0.8;0.0;0.1;1.4;90.3;5.6;90173;;;
Merrimack County, New Hampshire;148582;49.7;50.3;42.4;17.5;94.7;0.6;0.2;1.7;0.0;0.1;2.0;93.0;0.6;117403;;;
Mesa County, Colorado;150083;49.4;50.6;39.8;18.0;93.4;0.3;0.9;0.8;0.3;1.4;14.4;81.6;0.3;112987;;;
Miami County, Ohio;104679;49.3;50.7;41.7;18.0;93.6;2.3;0.1;1.2;0.0;0.7;1.6;92.6;2.3;79743;;;
Miami-Dade County, Florida;2712945;48.5;51.5;39.9;16.0;74.5;17.6;0.2;1.6;0.0;4.6;67.7;13.6;16.1;1588731;;;
Middlesex County, Connecticut;163329;49.1;50.9;45.6;18.7;89.3;5.4;0.0;3.0;0.0;0.5;6.1;84.2;5.2;127213;;;
Middlesex County, Massachusetts;1589774;48.9;51.1;38.5;14.6;76.8;5.4;0.2;11.8;0.0;3.3;7.9;72.5;5.0;1110564;;;
Middlesex County, New Jersey;837073;49.3;50.7;38.2;14.2;58.6;10.0;0.3;24.3;0.0;4.3;20.7;43.6;9.4;542159;;;
Midland County, Michigan;83462;49.2;50.8;42.6;17.4;92.9;1.5;0.3;2.1;0.0;0.5;2.7;91.5;1.3;64406;;;
Midland County, Texas;162565;50.0;50.0;32.0;10.3;85.6;7.1;0.2;2.1;0.1;2.8;44.4;46.1;6.5;104798;;;
Milwaukee County, Wisconsin;951448;48.4;51.6;34.7;12.7;59.1;26.2;0.5;4.2;0.0;6.1;14.8;51.9;25.9;676841;;;
Minnehaha County, South Dakota;187318;50.3;49.7;34.9;12.8;86.1;5.0;2.1;2.4;0.0;1.5;4.8;83.3;5.0;132596;;;
Missoula County, Montana;116130;51.0;49.0;36.4;14.4;91.9;0.6;2.6;1.6;0.0;0.2;3.1;89.7;0.5;92263;;;
Mobile County, Alabama;414836;47.7;52.3;37.4;15.3;58.6;35.7;0.8;2.0;0.0;1.1;2.8;57.2;35.5;311297;;;
Mohave County, Arizona;205249;50.3;49.7;50.6;28.7;91.3;0.8;2.4;1.0;0.1;1.7;16.2;77.7;0.7;163384;;;
Monmouth County, New Jersey;625846;48.7;51.3;43.0;16.6;82.2;7.3;0.2;5.7;0.0;3.0;10.8;75.1;6.8;454493;;;
Monongalia County, West Virginia;104622;51.1;48.9;31.4;11.9;89.6;4.0;0.0;3.7;0.0;0.6;2.1;87.9;4.0;82926;;;
Monroe County, Florida;79077;52.7;47.3;46.3;21.8;89.0;8.3;0.1;1.5;0.0;0.7;23.0;67.6;7.4;60626;;;
Monroe County, Indiana;145496;50.1;49.9;28.5;11.9;86.2;2.8;0.2;6.5;0.0;0.6;3.4;83.5;2.8;115306;;;
Monroe County, Michigan;149208;49.4;50.6;42.2;16.9;94.4;2.8;0.5;0.6;0.0;0.3;3.5;91.6;2.8;114755;;;
Monroe County, New York;747727;48.3;51.7;38.7;16.4;76.3;15.2;0.4;3.5;0.0;1.6;8.5;70.7;14.5;566759;;;
Monroe County, Pennsylvania;166098;49.6;50.4;41.9;16.1;75.1;13.9;0.2;2.1;0.1;5.4;15.4;67.0;12.6;127134;;;
Monterey County, California;435232;51.1;48.9;34.0;12.7;55.8;2.5;0.4;5.7;0.2;31.0;58.3;30.0;2.5;225555;;;
Montgomery County, Alabama;226349;47.4;52.6;36.4;14.1;36.1;57.4;0.1;2.5;0.0;1.7;3.3;34.7;57.4;168086;;;
Montgomery County, Maryland;1043863;48.2;51.8;39.0;14.5;55.1;18.3;0.2;14.8;0.0;7.4;19.1;44.5;17.8;657467;;;
Montgomery County, Ohio;531239;48.3;51.7;39.3;17.3;73.2;20.8;0.1;2.1;0.1;0.6;2.8;71.2;20.6;403177;;;
Montgomery County, Pennsylvania;821725;48.6;51.4;41.4;17.2;79.7;8.9;0.1;7.4;0.0;1.2;5.0;76.3;8.8;612189;;;
Montgomery County, Tennessee;195734;49.2;50.8;30.8;9.0;72.0;19.3;0.7;2.8;0.7;1.1;10.0;64.1;18.4;139261;;;
Montgomery County, Texas;556203;49.7;50.3;37.2;12.7;86.4;5.5;0.7;2.8;0.1;2.3;23.4;67.2;4.9;364376;;;
Montgomery County, Virginia;98602;51.7;48.3;28.2;11.3;85.5;4.5;0.4;5.5;0.0;1.0;3.1;83.7;4.4;77922;;;
Moore County, North Carolina;95776;47.3;52.7;45.4;24.3;82.5;13.6;0.1;1.7;0.1;0.5;6.4;77.3;13.6;73764;;;
Morgan County, Alabama;119012;49.8;50.2;40.7;16.9;78.6;12.1;0.6;0.9;0.0;5.4;8.1;75.7;12.1;88520;;;
Morgan County, Indiana;69698;49.2;50.8;42.3;15.9;N;N;N;N;N;N;1.5;N;N;54197;;;
Morris County, New Jersey;498423;49.0;51.0;42.4;16.2;80.7;3.2;0.0;10.6;0.0;3.6;13.3;71.2;3.0;355074;;;
Multnomah County, Oregon;799766;49.6;50.4;36.8;12.6;78.8;5.7;0.7;7.0;0.6;2.0;11.4;70.5;5.5;593071;;;
Muscogee County, Georgia;197485;49.1;50.9;33.7;12.7;43.9;45.6;0.6;2.1;0.0;2.3;7.6;41.0;45.0;144744;;;
Muskegon County, Michigan;173408;49.7;50.3;39.1;16.0;80.3;14.1;0.7;0.7;0.0;0.6;5.6;76.3;14.1;131457;;;
Muskingum County, Ohio;86068;48.6;51.4;40.1;17.4;N;N;N;N;N;N;1.1;N;N;65577;;;
Muskogee County, Oklahoma;69477;48.7;51.3;37.9;16.4;58.7;10.5;17.9;0.7;0.1;2.5;6.0;56.5;10.4;51873;;;
Nacogdoches County, Texas;65806;47.5;52.5;30.7;13.4;N;N;N;N;N;N;19.3;N;N;46051;;;
Napa County, California;142166;49.6;50.4;41.0;18.1;78.0;1.9;0.8;7.9;0.2;7.3;33.9;52.8;1.9;96846;;;
Nash County, North Carolina;94005;49.6;50.4;41.8;17.6;53.4;40.2;0.5;0.9;0.0;3.4;6.8;50.4;40.0;70840;;;
Nassau County, Florida;80622;48.3;51.7;45.2;21.5;N;N;N;N;N;N;4.2;N;N;63765;;;
Nassau County, New York;1361500;48.6;51.4;41.5;17.0;68.1;11.6;0.3;9.4;0.0;7.5;16.8;60.5;11.3;962509;;;
Natrona County, Wyoming;81039;49.1;50.9;36.0;13.5;94.9;1.7;0.4;0.5;0.0;0.2;8.5;86.8;1.5;60589;;;
Navajo County, Arizona;110026;50.1;49.9;36.3;16.7;45.9;0.7;44.5;0.8;0.0;4.1;11.2;40.9;0.6;77372;;;
Nevada County, California;99107;50.8;49.2;50.2;25.9;92.5;0.2;0.5;1.8;0.0;1.4;9.5;85.3;0.2;80770;;;
New Castle County, Delaware;556987;48.4;51.6;38.5;14.6;64.9;24.9;0.3;5.4;0.2;1.9;9.8;58.2;24.0;406586;;;
New Hanover County, North Carolina;223483;47.7;52.3;39.1;16.7;81.0;13.9;0.3;1.0;0.0;1.0;5.4;77.0;13.5;177451;;;
New Haven County, Connecticut;856875;48.3;51.7;39.9;16.3;74.1;12.9;0.2;4.2;0.0;5.3;17.6;63.5;12.0;635554;;;
New London County, Connecticut;269801;49.8;50.2;41.5;16.8;81.2;5.8;0.6;4.5;0.0;3.5;10.4;75.7;5.4;206650;;;
New York County, New York;1643734;47.4;52.6;37.1;14.9;56.7;15.0;0.3;12.4;0.1;10.9;26.0;46.8;12.5;1167015;;;
Newport County, Rhode Island;82784;48.6;51.4;45.6;20.8;89.8;3.7;0.2;2.3;0.4;1.3;5.8;85.6;3.7;65397;;;
Newport News city, Virginia;181825;48.8;51.2;33.4;12.2;47.7;40.6;0.2;2.5;0.1;1.9;8.8;43.8;38.7;136172;;;
Newton County, Georgia;106999;46.7;53.3;36.0;12.4;N;N;N;N;N;N;5.3;N;N;74053;;;
Niagara County, New York;211758;49.1;50.9;43.4;18.1;87.4;6.4;1.1;1.0;0.1;0.9;2.8;85.7;6.3;167069;;;
Norfolk city, Virginia;245115;52.1;47.9;30.6;10.3;47.2;41.1;0.3;3.8;0.2;3.3;7.8;43.6;40.7;187363;;;
Norfolk County, Massachusetts;697181;47.9;52.1;41.0;16.3;78.4;6.6;0.1;10.7;0.0;1.8;4.4;75.6;6.3;502794;;;
Northampton County, Pennsylvania;302294;49.4;50.6;41.6;18.0;87.0;5.3;0.2;2.8;0.0;1.6;12.9;77.4;4.9;231516;;;
Northumberland County, Pennsylvania;92541;51.1;48.9;44.7;20.1;94.8;2.7;0.1;0.5;0.0;0.7;3.4;92.7;2.5;73819;;;
Nueces County, Texas;361350;49.4;50.6;35.0;13.8;90.3;4.1;0.4;1.8;0.1;1.6;63.4;29.8;3.9;253939;;;
Oakland County, Michigan;1243970;48.8;51.2;41.0;15.9;75.1;13.5;0.2;7.0;0.0;0.9;3.9;72.5;13.3;913445;;;
Ocean County, New Jersey;592497;48.2;51.8;42.8;22.3;90.6;2.9;0.1;2.0;0.1;2.9;9.1;84.7;2.8;433432;;;
Oconee County, South Carolina;76355;48.2;51.8;44.7;22.5;88.4;7.4;0.1;0.5;0.0;1.2;5.1;84.7;7.3;59042;;;
Okaloosa County, Florida;201170;51.0;49.0;37.2;15.7;77.3;10.1;0.3;2.9;0.2;4.4;8.7;74.4;9.7;151677;;;
Oklahoma County, Oklahoma;782970;48.9;51.1;34.5;12.9;68.9;15.2;3.2;3.1;0.1;3.1;17.0;56.4;14.9;531380;;;
Olmsted County, Minnesota;153102;49.0;51.0;37.4;14.9;84.3;5.9;0.6;5.9;0.0;1.5;4.8;80.8;5.8;108921;;;
Oneida County, New York;231190;49.6;50.4;41.1;18.0;85.6;5.8;0.2;4.2;0.0;1.1;5.5;82.2;5.2;176267;;;
Onondaga County, New York;466194;48.2;51.8;38.7;16.0;79.6;11.3;0.4;3.7;0.0;1.3;4.8;77.0;10.8;350975;;;
Onslow County, North Carolina;187136;54.0;46.0;26.6;9.3;74.5;13.0;0.3;1.8;0.2;1.7;12.2;66.5;12.6;137443;;;
Ontario County, New York;109828;49.1;50.9;44.3;19.1;92.2;2.9;0.5;1.2;0.1;1.5;4.5;90.2;2.5;85813;;;
Orange County, California;3172532;49.3;50.7;37.7;14.0;62.6;1.7;0.4;20.1;0.3;11.1;34.3;41.0;1.6;2047774;;;
Orange County, Florida;1314367;49.2;50.8;34.9;11.2;64.8;21.0;0.1;5.4;0.0;5.2;30.5;41.3;19.8;885780;;;
Orange County, New York;379210;49.9;50.1;37.2;13.2;73.5;10.2;0.5;2.8;0.0;8.7;20.1;64.7;9.3;266633;;;
Orange County, North Carolina;141796;47.5;52.5;34.1;12.2;75.2;10.5;0.5;7.9;0.0;1.4;8.4;69.0;10.4;105030;;;
Orange County, Texas;84964;49.3;50.7;37.4;15.4;88.3;8.9;0.5;1.4;0.0;0.0;7.2;81.3;8.8;61858;;;
Orangeburg County, South Carolina;87903;47.0;53.0;39.4;18.0;33.6;63.5;0.7;0.6;0.0;0.0;0.4;33.4;63.3;66747;;;
Orleans Parish, Louisiana;391495;47.8;52.2;35.7;13.0;34.1;59.7;0.1;3.0;0.0;1.2;5.6;30.8;58.8;299075;;;
Osceola County, Florida;336015;48.7;51.3;35.6;13.1;73.9;12.0;0.2;2.9;0.0;6.9;52.3;33.6;8.8;229120;;;
Oswego County, New York;118987;50.2;49.8;40.1;15.2;95.7;1.5;0.2;0.6;0.1;0.1;2.5;94.2;1.0;92774;;;
Otero County, New Mexico;65410;50.5;49.5;35.8;16.8;77.7;4.0;6.8;1.5;0.0;5.5;37.8;49.3;3.4;46584;;;
Ottawa County, Michigan;282250;49.0;51.0;35.0;13.9;90.4;1.2;0.2;2.2;0.1;2.5;9.5;84.2;1.1;206857;;;
Ouachita Parish, Louisiana;156983;48.1;51.9;35.6;14.1;60.0;37.6;0.1;1.0;0.0;0.3;2.2;58.3;37.5;115881;;;
Outagamie County, Wisconsin;184526;49.8;50.2;38.2;13.7;89.8;1.3;1.5;3.6;0.0;1.7;4.2;88.0;1.3;137179;;;
Ozaukee County, Wisconsin;88314;48.6;51.4;44.0;18.8;94.0;1.5;0.3;1.9;0.0;0.6;2.8;91.7;1.5;67787;;;
Palm Beach County, Florida;1443810;48.4;51.6;44.7;23.3;74.8;18.5;0.1;2.7;0.0;1.9;21.5;55.8;18.2;1016071;;;
Parker County, Texas;129441;49.9;50.1;40.0;15.5;93.9;1.5;0.8;0.6;0.1;1.8;11.8;84.0;1.5;92459;;;
Pasco County, Florida;512368;48.7;51.3;44.8;22.8;88.2;5.5;0.3;2.5;0.0;1.2;14.3;75.9;5.1;390647;;;
Passaic County, New Jersey;507945;48.8;51.2;36.7;13.7;65.7;11.3;0.3;5.2;0.0;14.7;41.1;41.2;10.4;318021;;;
Paulding County, Georgia;155825;48.6;51.4;36.4;10.8;74.3;22.1;0.2;0.3;0.3;1.2;6.1;72.2;19.4;110502;;;
Payne County, Oklahoma;81131;51.1;48.9;27.3;12.2;80.7;4.4;5.2;4.8;0.0;0.4;4.7;77.1;4.4;61134;;;
Pennington County, South Dakota;109372;50.1;49.9;38.3;16.8;83.0;1.3;9.4;1.3;0.0;0.2;4.9;80.5;1.2;82711;;;
Penobscot County, Maine;151806;49.4;50.6;42.0;17.5;94.6;0.5;1.3;0.9;0.0;0.2;1.3;94.0;0.5;122714;;;
Peoria County, Illinois;185006;48.6;51.4;37.3;15.7;73.1;18.3;0.3;4.1;0.0;1.1;4.7;70.0;18.2;135152;;;
Philadelphia County, Pennsylvania;1567872;47.4;52.6;34.1;12.9;40.4;42.2;0.4;7.1;0.0;6.7;14.4;34.6;41.1;1116915;;;
Pickens County, South Carolina;122863;49.4;50.6;36.3;16.0;88.4;7.0;0.0;2.5;0.1;0.7;3.6;85.7;6.9;95763;;;
Pierce County, Washington;861312;49.6;50.4;36.1;13.3;73.1;6.5;1.3;6.1;1.4;3.3;10.6;67.5;6.3;624595;;;
Pima County, Arizona;1016206;49.2;50.8;38.3;19.1;76.2;3.4;3.2;2.8;0.2;9.3;36.8;52.4;3.1;728924;;;
Pinal County, Arizona;418540;51.9;48.1;39.2;19.9;80.7;4.5;5.2;2.0;0.3;4.3;29.4;57.7;4.1;300002;;;
Pinellas County, Florida;960730;47.9;52.1;48.0;23.8;81.7;10.1;0.3;3.4;0.1;1.6;9.3;74.5;9.9;761660;;;
Pitt County, North Carolina;177220;47.1;52.9;32.1;11.7;57.7;35.3;0.4;1.7;0.0;2.4;6.2;55.0;34.2;132809;;;
Placer County, California;380531;48.6;51.4;41.9;19.0;81.4;1.5;0.6;6.9;0.1;4.0;13.8;73.1;1.4;283866;;;
Platte County, Missouri;98309;49.5;50.5;38.3;13.8;85.9;6.7;0.3;2.9;0.1;1.0;6.0;81.4;6.6;72319;;;
Plymouth County, Massachusetts;513565;48.6;51.4;42.4;17.3;83.7;8.9;0.1;1.2;0.0;3.9;3.8;81.7;8.6;383345;;;
Polk County, Florida;666149;48.9;51.1;40.2;20.0;78.8;15.1;0.3;1.9;0.0;1.5;21.1;60.4;14.6;478638;;;
Polk County, Iowa;474045;49.2;50.8;35.3;12.3;83.7;6.7;0.3;4.7;0.0;1.8;8.2;78.2;6.4;334329;;;
Polk County, Oregon;81823;47.0;53.0;37.7;17.7;90.0;0.4;2.3;1.7;0.5;1.7;13.7;78.4;0.4;59872;;;
Portage County, Ohio;161921;48.8;51.2;37.4;15.2;91.3;4.3;0.1;1.8;0.0;0.3;1.7;89.8;4.3;125811;;;
Portage County, Wisconsin;70447;49.6;50.4;36.6;15.6;93.9;0.7;0.2;2.1;0.0;0.7;3.1;91.5;0.7;55328;;;
Porter County, Indiana;167791;49.1;50.9;39.1;15.8;91.4;3.1;0.1;1.2;0.1;1.0;9.8;83.6;3.0;127250;;;
Portsmouth city, Virginia;95252;47.9;52.1;35.0;14.0;40.1;51.9;0.3;1.7;1.1;1.6;4.2;38.2;51.4;71370;;;
Pottawatomie County, Oklahoma;72290;48.5;51.5;37.7;16.0;75.5;3.6;14.3;0.8;0.1;0.5;4.9;72.9;3.6;54506;;;
Pottawattamie County, Iowa;93582;49.5;50.5;39.1;16.5;94.2;1.9;0.7;0.9;0.0;1.4;7.5;88.1;1.9;70464;;;
Potter County, Texas;120832;51.6;48.4;33.8;12.2;78.5;10.1;0.2;4.7;0.2;2.4;37.9;44.8;9.9;73836;;;
Prince George's County, Maryland;908049;48.1;51.9;36.7;12.3;17.6;62.9;0.4;4.2;0.0;11.7;17.8;13.0;62.0;595221;;;
Prince William County, Virginia;455210;49.8;50.2;34.9;9.1;55.9;20.5;0.4;8.9;0.1;9.0;22.9;43.7;19.9;278938;;;
Providence County, Rhode Island;633673;48.6;51.4;37.5;14.7;72.7;9.3;0.7;4.2;0.1;9.1;22.1;61.8;7.9;451357;;;
Pueblo County, Colorado;165123;49.6;50.4;39.1;17.9;80.7;2.5;5.0;0.8;0.1;7.9;42.8;52.2;1.8;125448;;;
Pulaski County, Arkansas;393250;47.9;52.1;36.8;14.4;55.5;36.2;0.2;2.2;0.0;2.3;6.1;52.6;36.1;288768;;;
Putnam County, Florida;72277;50.8;49.2;45.3;21.9;N;N;N;N;N;N;9.8;71.6;17.7;54942;;;
Putnam County, New York;98900;49.4;50.6;43.8;16.0;86.0;1.5;0.9;2.2;0.1;7.1;14.3;79.5;1.4;73410;;;
Putnam County, Tennessee;75931;49.7;50.3;36.7;16.8;94.6;0.9;0.0;2.2;0.0;0.0;6.2;88.6;0.9;56740;;;
Queens County, New York;2333054;48.5;51.5;38.3;14.3;38.8;18.1;0.4;25.4;0.1;13.7;28.0;24.9;17.0;1396500;;;
Racine County, Wisconsin;195140;49.4;50.6;40.0;15.9;80.0;11.0;0.6;1.5;0.0;3.6;12.9;72.3;10.8;142320;;;
Raleigh County, West Virginia;76601;50.3;49.7;41.2;19.5;86.9;7.4;0.4;0.8;0.0;1.2;0.9;86.2;7.4;59329;;;
Ramsey County, Minnesota;540649;48.7;51.3;34.9;13.6;66.3;11.0;0.6;14.1;0.0;2.9;7.4;62.8;10.8;381556;;;
Randall County, Texas;132501;49.2;50.8;35.5;13.9;89.2;2.7;0.8;1.7;0.1;3.2;21.0;72.3;2.7;96057;;;
Randolph County, North Carolina;143416;49.3;50.7;42.6;17.1;83.7;6.8;0.2;1.0;0.0;6.4;11.1;79.3;6.2;103750;;;
Rankin County, Mississippi;150228;48.3;51.7;37.1;13.9;76.1;21.1;0.1;1.0;0.0;1.0;2.6;74.6;21.1;112838;;;
Rapides Parish, Louisiana;132424;48.8;51.2;37.4;15.4;63.5;32.0;0.5;1.7;0.0;0.3;3.1;61.2;31.7;97507;;;
Rensselaer County, New York;160070;49.3;50.7;39.5;15.8;86.2;6.1;0.5;2.5;0.0;1.2;4.9;83.5;5.6;124374;;;
Rice County, Minnesota;65622;51.4;48.6;37.6;14.9;85.6;5.3;0.1;2.1;0.0;4.4;8.0;83.3;5.2;47902;;;
Richland County, Ohio;121107;51.0;49.0;41.3;18.6;86.5;10.0;0.2;0.7;0.1;0.5;1.8;85.6;9.7;94159;;;
Richland County, South Carolina;409549;48.5;51.5;33.4;12.1;45.6;46.6;0.2;2.5;0.1;2.1;5.1;42.9;46.1;309350;;;
Richmond city, Virginia;223170;47.6;52.4;33.4;11.9;45.7;47.1;0.3;2.2;0.1;0.9;6.5;40.5;46.8;174445;;;
Richmond County, Georgia;201647;48.3;51.7;34.0;13.3;38.0;56.8;0.3;2.0;0.4;1.2;4.9;35.1;56.0;151600;;;
Richmond County, New York;476015;48.4;51.6;39.7;15.4;74.1;10.3;0.1;8.6;0.2;4.7;18.4;61.5;9.5;336651;;;
Riley County, Kansas;73343;54.1;45.9;25.2;8.4;82.1;6.0;0.2;5.2;0.4;1.4;7.8;76.7;5.9;57014;;;
Riverside County, California;2387741;49.7;50.3;35.3;13.9;58.9;6.4;0.9;6.2;0.3;22.8;48.4;36.0;6.1;1510920;;;
Roanoke city, Virginia;99660;47.5;52.5;38.7;15.2;63.8;30.4;0.1;3.2;0.1;0.6;6.2;59.0;29.9;73408;;;
Roanoke County, Virginia;94031;47.9;52.1;43.5;20.7;87.6;6.3;0.2;3.1;0.0;1.2;2.9;86.2;6.3;71985;;;
Robertson County, Tennessee;69165;48.7;51.3;37.9;14.0;89.9;7.2;0.2;0.6;0.0;0.3;6.5;83.9;6.9;50633;;;
Robeson County, North Carolina;133235;47.8;52.2;36.3;14.0;28.9;24.3;39.6;0.7;0.1;4.7;8.6;25.5;24.1;94576;;;
Rock County, Wisconsin;161620;49.2;50.8;40.1;15.9;87.1;4.7;0.3;1.1;0.0;4.0;8.6;83.1;4.7;119079;;;
Rock Island County, Illinois;144784;48.6;51.4;39.0;18.3;80.6;9.6;0.5;2.4;0.2;1.9;12.7;72.5;9.0;106992;;;
Rockdale County, Georgia;89355;47.1;52.9;38.4;13.7;40.5;54.2;0.0;2.0;0.0;2.2;10.3;33.3;53.3;65426;;;
Rockingham County, New Hampshire;303251;49.6;50.4;44.6;16.5;95.0;0.7;0.0;1.9;0.0;0.6;2.7;93.0;0.7;237935;;;
Rockingham County, North Carolina;91393;48.5;51.5;43.7;19.2;77.3;17.4;0.8;0.7;0.1;1.2;6.2;72.4;17.3;70651;;;
Rockingham County, Virginia;79744;48.8;51.2;41.8;18.7;92.7;3.4;0.0;0.7;0.3;1.4;6.7;89.1;1.7;60035;;;
Rockland County, New York;326780;48.8;51.2;36.5;15.4;69.1;12.3;0.2;6.0;0.0;10.4;17.6;62.5;11.5;204916;;;
Rockwall County, Texas;93978;48.7;51.3;37.5;12.4;86.0;6.3;0.1;2.7;0.0;1.7;17.1;72.1;6.2;63224;;;
Rogers County, Oklahoma;91766;49.4;50.6;39.4;16.5;74.9;0.9;11.9;1.1;0.0;1.3;4.4;72.4;0.9;68618;;;
Ross County, Ohio;77000;52.4;47.6;40.9;15.8;N;N;N;N;N;N;1.2;N;N;60384;;;
Rowan County, North Carolina;139933;49.1;50.9;39.4;16.7;76.8;16.1;0.5;0.8;0.0;3.9;8.4;72.7;15.7;102941;;;
Rutherford County, North Carolina;66421;48.3;51.7;45.6;21.3;87.4;8.8;0.9;1.1;0.0;0.3;4.2;83.5;8.8;51889;;;
Rutherford County, Tennessee;308251;49.1;50.9;33.1;10.2;77.6;14.2;0.2;3.4;0.0;1.3;7.6;71.8;14.1;220700;;;
Sacramento County, California;1514460;48.8;51.2;36.0;13.6;58.3;9.8;0.7;15.2;1.1;7.8;23.0;45.1;9.5;1031267;;;
Saginaw County, Michigan;192326;48.9;51.1;41.0;18.3;75.4;18.6;0.3;1.3;0.0;1.5;8.4;69.5;18.3;148915;;;
Salem County, New Jersey;63436;48.9;51.1;41.2;18.0;79.3;12.8;0.3;1.2;0.0;3.1;8.4;74.8;12.4;48173;;;
Saline County, Arkansas;118703;49.9;50.1;41.0;17.6;89.9;7.1;0.7;1.0;0.0;0.0;4.5;85.4;7.0;88488;;;
Salt Lake County, Utah;1121354;50.2;49.8;32.7;10.1;78.7;1.7;0.6;4.0;1.5;10.2;18.1;71.7;1.6;724984;;;
San Bernardino County, California;2140096;49.7;50.3;33.2;11.1;61.4;8.5;0.7;7.1;0.3;17.0;52.8;29.2;8.1;1352711;;;
San Diego County, California;3317749;50.3;49.7;35.7;13.4;71.9;5.0;0.8;11.7;0.4;5.1;33.5;45.9;4.7;2235520;;;
San Francisco County, California;870887;51.0;49.0;38.0;14.9;46.4;5.0;0.4;34.5;0.2;8.1;15.2;40.7;4.8;645213;;;
San Joaquin County, California;733709;49.8;50.2;34.3;12.4;57.0;7.1;0.7;15.2;0.6;10.1;41.2;32.7;6.9;449437;;;
San Juan County, New Mexico;115079;49.2;50.8;36.3;15.1;54.2;0.6;36.0;0.6;0.1;5.9;20.6;41.7;0.5;83133;;;
San Luis Obispo County, California;282887;50.5;49.5;38.8;19.1;84.4;1.8;0.8;3.9;0.0;5.7;22.3;69.2;1.7;219853;;;
San Mateo County, California;764797;49.4;50.6;39.5;15.2;50.8;2.3;0.4;28.1;1.4;11.1;24.8;39.5;2.1;493499;;;
San Patricio County, Texas;67655;50.6;49.4;35.6;14.7;93.8;1.6;0.4;0.9;0.0;1.2;57.1;39.0;1.6;45972;;;
Sandoval County, New Mexico;142025;49.2;50.8;38.8;16.4;70.0;2.1;12.7;1.5;0.0;8.4;38.1;44.0;2.0;104550;;;
Sangamon County, Illinois;197499;48.1;51.9;40.0;16.7;82.2;13.2;0.1;1.8;0.1;0.4;2.2;80.7;13.0;150124;;;
Santa Barbara County, California;446170;50.0;50.0;33.8;14.6;76.6;1.8;1.1;5.6;0.0;10.4;45.1;44.9;1.8;275444;;;
Santa Clara County, California;1919402;50.5;49.5;37.0;12.8;44.0;2.5;0.5;35.6;0.4;11.8;25.9;32.2;2.3;1160248;;;
Santa Cruz County, California;274673;49.6;50.4;37.4;14.9;74.3;1.1;0.7;5.0;0.0;14.8;33.5;57.6;1.0;193003;;;
Santa Fe County, New Mexico;148651;48.8;51.2;46.0;22.2;84.8;0.8;3.5;1.3;0.0;6.7;51.0;42.8;0.8;111486;;;
Santa Rosa County, Florida;170497;50.9;49.1;40.3;15.1;86.0;6.3;0.9;2.0;0.3;0.5;5.4;82.6;6.1;129364;;;
Sarasota County, Florida;412569;47.9;52.1;55.5;35.3;91.0;4.3;0.2;1.6;0.0;1.0;8.9;83.2;4.2;328254;;;
Saratoga County, New York;227053;50.0;50.0;42.0;16.6;93.2;1.2;0.2;3.0;0.0;0.4;3.1;90.7;1.1;176188;;;
Sarpy County, Nebraska;179023;50.1;49.9;34.7;11.1;88.8;3.7;0.3;2.7;0.1;1.2;9.0;81.4;3.5;123984;;;
Schenectady County, New York;154553;48.1;51.9;40.1;16.4;77.3;9.4;0.2;4.4;0.1;4.6;6.9;72.5;9.1;115740;;;
Schuylkill County, Pennsylvania;143573;51.2;48.8;44.4;19.9;93.3;3.0;0.2;0.6;0.0;1.6;4.0;91.4;2.8;114204;;;
Scioto County, Ohio;76088;48.6;51.4;39.7;17.1;N;N;N;N;N;N;2.6;93.4;2.3;59048;;;
Scott County, Iowa;172474;49.2;50.8;37.9;15.3;85.6;8.6;0.3;2.6;0.0;1.3;6.6;79.7;8.6;127030;;;
Scott County, Minnesota;143680;49.7;50.3;36.7;9.6;83.3;3.3;0.5;5.6;0.0;3.6;5.0;81.7;3.2;99824;;;
Sebastian County, Arkansas;127793;48.5;51.5;37.8;15.3;72.9;6.8;1.5;4.3;0.1;10.9;13.9;70.2;6.8;89576;;;
Sedgwick County, Kansas;511995;49.4;50.6;35.1;13.5;78.2;8.3;0.9;4.1;0.0;3.7;14.4;68.4;8.1;354845;;;
Seminole County, Florida;455479;48.2;51.8;39.2;15.2;77.8;11.3;0.1;4.2;0.1;3.0;20.4;62.0;10.2;339845;;;
Sevier County, Tennessee;96673;50.2;49.8;41.3;18.5;95.1;0.6;0.4;0.5;0.0;0.6;5.6;N;N;73075;;;
Shasta County, California;179631;49.3;50.7;42.1;20.3;88.1;1.0;1.6;3.3;0.0;0.8;9.8;80.2;0.9;136603;;;
Shawnee County, Kansas;178146;48.5;51.5;38.4;17.1;80.5;8.4;1.0;1.3;0.1;5.2;12.0;74.2;8.2;131945;;;
Sheboygan County, Wisconsin;115427;50.4;49.6;41.5;17.4;90.1;2.2;0.3;5.5;0.0;0.2;6.3;84.7;2.0;86750;;;
Shelby County, Alabama;210622;48.4;51.6;38.9;14.1;80.0;11.4;0.1;2.2;0.1;4.1;5.7;78.2;11.4;154631;;;
Shelby County, Tennessee;934603;47.7;52.3;35.5;12.6;38.6;53.4;0.3;2.4;0.0;3.3;6.1;36.0;53.3;667045;;;
Sherburne County, Minnesota;93528;50.9;49.1;35.8;10.5;92.7;2.6;0.3;0.8;0.0;1.3;2.5;91.5;2.6;66428;;;
Shiawassee County, Michigan;68554;49.4;50.6;41.8;17.2;96.8;0.6;0.2;0.3;0.0;0.2;2.8;94.3;0.6;53566;;;
Skagit County, Washington;123681;49.8;50.2;42.0;19.5;82.5;0.6;1.9;2.1;0.3;8.9;18.0;74.9;0.6;88909;;;
Smith County, Texas;225290;48.1;51.9;36.5;15.9;75.8;17.3;0.5;1.7;0.1;2.9;19.2;60.1;17.2;157719;;;
Snohomish County, Washington;787620;50.1;49.9;38.0;12.9;75.9;3.1;1.0;10.2;0.5;3.4;9.9;70.6;3.0;557988;;;
Solano County, California;440207;49.8;50.2;37.9;14.7;49.8;14.6;0.4;15.1;0.8;10.5;26.2;38.2;13.9;305617;;;
Somerset County, New Jersey;333751;48.7;51.3;41.5;14.9;67.2;9.7;0.5;17.2;0.0;3.1;14.6;56.7;9.4;227544;;;
Somerset County, Pennsylvania;75061;51.6;48.4;45.7;21.2;95.5;2.7;0.1;0.5;0.0;0.2;1.4;N;N;61071;;;
Sonoma County, California;503070;48.8;51.2;42.1;18.3;73.8;1.7;0.9;4.3;0.3;14.2;26.6;63.5;1.3;355430;;;
Spartanburg County, South Carolina;301463;48.7;51.3;38.1;15.7;73.4;20.3;0.1;2.2;0.0;1.6;6.6;68.7;20.2;221533;;;
Spokane County, Washington;499072;49.7;50.3;37.3;15.4;87.6;1.8;1.6;2.3;0.6;1.8;5.5;85.0;1.8;377516;;;
Spotsylvania County, Virginia;132010;49.5;50.5;39.0;13.2;71.8;16.4;0.1;2.3;0.0;5.8;9.3;68.9;16.1;94991;;;
St. Charles County, Missouri;390918;49.1;50.9;38.0;14.2;90.1;4.5;0.1;2.5;0.0;0.5;3.2;87.4;4.5;289420;;;
St. Clair County, Alabama;88019;50.2;49.8;40.3;16.4;N;N;N;N;N;N;2.4;N;N;66936;;;
St. Clair County, Illinois;262759;48.3;51.7;38.7;14.7;64.2;29.6;0.3;1.7;0.0;1.5;4.0;62.1;29.5;196191;;;
St. Clair County, Michigan;159587;49.7;50.3;43.6;17.6;93.3;2.4;0.2;0.8;0.0;0.8;3.3;91.2;2.4;123843;;;
St. Croix County, Wisconsin;88029;49.9;50.1;38.3;13.2;96.3;0.8;0.3;0.9;0.0;0.2;2.3;94.2;0.8;64855;;;
St. Francois County, Missouri;66627;54.4;45.6;39.7;16.1;N;N;N;N;N;N;0.7;N;N;52568;;;
St. Johns County, Florida;235087;49.0;51.0;43.0;18.8;88.6;5.2;0.4;2.7;0.3;0.8;6.6;83.4;5.1;177304;;;
St. Joseph County, Indiana;269141;48.7;51.3;36.5;14.8;77.7;13.2;0.7;2.4;0.1;3.4;8.6;73.1;13.0;195487;;;
St. Landry Parish, Louisiana;83883;47.7;52.3;36.5;15.4;N;N;N;N;N;N;0.5;N;N;61019;;;
St. Lawrence County, New York;110038;50.4;49.6;38.8;16.5;93.5;2.7;0.4;1.4;0.0;0.4;2.8;92.0;2.2;85221;;;
St. Louis city, Missouri;311404;48.5;51.5;35.3;11.8;46.5;46.8;0.2;3.3;0.0;1.1;4.0;43.5;46.7;240055;;;
St. Louis County, Minnesota;199980;50.1;49.9;41.6;18.0;92.1;1.7;2.4;1.1;0.0;0.5;1.6;91.3;1.7;160183;;;
St. Louis County, Missouri;998581;47.5;52.5;40.3;17.3;68.5;23.9;0.2;4.0;0.0;0.9;2.8;66.4;23.9;747020;;;
St. Lucie County, Florida;306507;48.5;51.5;45.2;23.6;74.3;19.6;0.4;2.0;0.0;1.8;18.3;58.5;19.3;221761;;;
St. Mary's County, Maryland;112587;49.1;50.9;35.9;12.4;N;N;N;N;N;N;5.0;74.9;14.7;82137;;;
St. Tammany Parish, Louisiana;253602;48.6;51.4;39.7;15.9;82.9;11.0;0.7;1.5;0.1;1.4;5.5;78.9;11.0;188593;;;
Stafford County, Virginia;144361;50.4;49.6;35.9;9.9;66.6;17.8;0.5;4.1;0.1;6.0;12.3;62.4;16.6;100858;;;
Stanislaus County, California;541560;49.2;50.8;34.0;12.8;73.1;3.2;0.6;5.7;0.6;12.7;45.6;42.6;2.8;334179;;;
Stark County, Ohio;373612;48.5;51.5;41.6;18.6;87.7;7.3;0.1;1.0;0.0;0.7;2.0;86.6;7.3;289510;;;
Stearns County, Minnesota;155652;50.6;49.4;34.4;14.0;88.7;5.6;0.1;2.4;0.0;1.6;3.2;87.1;5.5;115464;;;
Steuben County, New York;96940;49.7;50.3;42.3;18.2;94.4;1.9;0.1;1.3;0.0;0.5;1.7;93.5;1.6;74365;;;
Story County, Iowa;97090;51.2;48.8;26.9;11.5;86.7;1.5;0.2;8.7;0.0;0.4;3.3;83.9;1.4;73774;;;
Strafford County, New Hampshire;127428;49.0;51.0;36.9;14.2;93.3;0.9;0.0;3.2;0.0;0.1;2.3;91.3;0.9;99899;;;
Suffolk city, Virginia;89273;48.9;51.1;38.2;13.7;51.4;41.8;0.2;1.9;0.1;0.7;4.1;49.7;40.7;66046;;;
Suffolk County, Massachusetts;784230;48.5;51.5;32.7;11.3;55.1;22.8;0.3;8.8;0.0;5.4;22.5;45.6;20.0;528538;;;
Suffolk County, New York;1492583;49.2;50.8;41.2;16.1;80.1;7.4;0.2;3.9;0.1;6.2;19.0;68.0;7.2;1070178;;;
Sullivan County, New York;74801;51.4;48.6;43.8;18.2;80.9;7.6;0.1;1.6;0.0;5.8;15.7;71.3;7.1;55957;;;
Sullivan County, Tennessee;156667;48.4;51.6;45.0;21.0;94.4;1.9;0.1;0.4;0.3;0.7;1.8;93.6;1.8;124881;;;
Summit County, Ohio;540300;48.5;51.5;41.1;17.1;79.1;14.4;0.1;3.2;0.0;0.3;2.0;77.5;14.3;410914;;;
Sumner County, Tennessee;180063;48.8;51.2;40.1;15.3;89.1;7.3;0.2;1.3;0.0;0.2;4.6;85.0;7.3;133379;;;
Sumter County, Florida;123996;49.6;50.4;67.3;56.3;89.2;6.7;0.0;0.5;0.2;1.0;5.5;85.3;6.6;113388;;;
Sumter County, South Carolina;107396;48.8;51.2;36.1;15.6;47.8;48.0;0.1;1.5;0.1;0.4;3.8;45.5;47.8;79907;;;
Surry County, North Carolina;72113;49.6;50.4;44.3;20.2;90.2;3.8;0.2;0.6;0.2;3.6;10.3;84.3;3.6;53979;;;
Sussex County, Delaware;220251;48.5;51.5;48.7;25.7;82.4;12.5;0.6;1.1;0.5;1.1;9.3;74.6;12.3;170567;;;
Sussex County, New Jersey;142522;49.9;50.1;44.7;15.8;92.9;2.0;0.0;2.3;0.0;1.2;7.8;86.8;2.0;110178;;;
Sutter County, California;96651;50.4;49.6;35.9;15.0;71.7;1.7;0.7;15.4;0.5;3.4;30.5;46.7;1.7;59570;;;
Talladega County, Alabama;80103;49.7;50.3;40.8;17.2;64.7;33.2;0.1;0.7;0.0;0.8;2.2;63.0;33.2;61810;;;
Tangipahoa Parish, Louisiana;130710;48.7;51.3;35.9;13.6;67.1;28.7;0.4;0.6;0.0;0.4;4.2;63.2;28.6;97553;;;
Tarrant County, Texas;2016872;48.9;51.1;34.3;10.8;67.8;15.9;0.5;5.4;0.1;7.0;28.4;47.7;15.5;1293167;;;
Taylor County, Texas;136535;49.2;50.8;32.8;14.3;77.5;7.8;0.8;2.4;0.0;8.5;24.0;63.9;7.5;98498;;;
Tazewell County, Illinois;134385;49.3;50.7;41.2;18.0;95.7;1.4;0.2;1.0;0.1;0.2;2.3;94.1;1.4;102981;;;
Terrebonne Parish, Louisiana;113220;49.4;50.6;35.5;13.4;70.6;20.2;5.6;0.5;0.0;1.3;5.2;66.9;20.0;81394;;;
Thurston County, Washington;275222;49.1;50.9;39.5;16.4;82.1;3.1;1.2;5.8;0.9;1.0;8.6;75.5;2.9;208217;;;
Tippecanoe County, Indiana;188059;51.2;48.8;28.2;10.7;81.3;5.1;0.1;8.2;0.1;3.2;8.2;76.3;5.1;133967;;;
Tolland County, Connecticut;151118;50.1;49.9;37.7;14.8;89.3;3.5;0.0;4.9;0.0;0.9;5.4;85.0;3.5;119826;;;
Tom Green County, Texas;118386;49.3;50.7;33.8;15.0;89.3;5.0;0.4;1.1;0.0;2.5;39.3;53.9;4.4;86849;;;
Tompkins County, New York;104871;49.3;50.7;30.6;12.8;79.5;4.5;0.3;10.1;0.0;1.6;5.0;76.8;4.2;80576;;;
Travis County, Texas;1199323;50.4;49.6;33.7;9.0;74.5;8.3;0.4;6.4;0.1;6.8;33.8;49.3;8.0;815648;;;
Troup County, Georgia;70005;48.9;51.1;36.4;14.1;59.6;36.1;0.1;2.0;0.0;0.2;3.6;57.0;36.0;49620;;;
Trumbull County, Ohio;201825;48.3;51.7;44.2;20.4;88.3;8.7;0.2;0.4;0.0;0.1;1.7;87.2;8.3;159439;;;
Tulare County, California;460437;49.7;50.3;30.8;10.9;73.9;1.3;1.4;4.5;0.2;15.8;64.1;28.7;1.1;250999;;;
Tulsa County, Oklahoma;642940;48.8;51.2;35.5;13.5;69.3;9.9;5.1;3.3;0.0;4.1;12.3;62.6;9.8;443981;;;
Tuscaloosa County, Alabama;206102;48.0;52.0;32.9;12.3;64.0;32.1;0.0;1.7;0.0;1.4;3.5;62.1;32.0;157829;;;
Tuscarawas County, Ohio;92420;49.0;51.0;39.3;18.5;N;N;N;N;N;N;2.6;N;N;70499;;;
Twin Falls County, Idaho;83514;48.6;51.4;34.7;15.0;92.4;0.8;1.3;1.7;0.1;2.6;15.9;79.9;0.8;55819;;;
Ulster County, New York;179225;49.9;50.1;44.1;18.5;84.8;6.1;0.1;2.2;0.0;2.9;10.1;79.5;5.1;141907;;;
Umatilla County, Oregon;76456;52.0;48.0;35.4;14.8;88.2;0.7;2.4;0.3;0.2;2.6;26.4;66.4;0.7;51288;;;
Union County, New Jersey;555630;48.8;51.2;38.5;13.6;54.8;20.7;0.4;5.0;0.0;16.2;31.3;39.0;19.8;345748;;;
Union County, North Carolina;226606;49.0;51.0;38.4;12.0;82.6;11.3;0.2;2.6;0.0;1.0;11.0;72.7;11.3;153421;;;
Utah County, Utah;592299;50.6;49.4;24.6;7.4;92.6;0.6;0.7;1.4;0.9;0.9;11.5;82.8;0.5;365084;;;
Valencia County, New Mexico;75626;50.7;49.3;38.3;16.6;80.1;1.0;3.7;0.4;0.0;11.1;60.3;33.3;1.0;53786;;;
Van Buren County, Michigan;75223;49.9;50.1;40.7;16.8;86.3;3.1;1.6;0.6;0.2;2.9;11.5;81.3;2.8;54866;;;
Vanderburgh County, Indiana;181721;48.7;51.3;37.7;15.9;85.4;8.7;0.2;1.1;0.7;1.0;2.6;83.9;8.6;139874;;;
Ventura County, California;849738;49.4;50.6;37.7;14.6;80.2;1.8;0.7;7.2;0.2;5.4;42.5;45.7;1.7;555009;;;
Vermilion County, Illinois;78111;50.0;50.0;40.5;18.4;81.6;13.8;0.0;1.1;0.0;1.6;5.0;78.5;13.6;58762;;;
Victoria County, Texas;92467;48.7;51.3;36.1;15.7;87.4;6.7;0.4;1.5;0.2;2.9;46.3;45.2;6.1;64342;;;
Vigo County, Indiana;107931;50.6;49.4;35.7;15.7;87.1;6.3;0.4;1.9;0.0;0.6;2.6;85.7;6.3;83223;;;
Virginia Beach city, Virginia;452602;49.1;50.9;35.8;13.2;67.0;18.3;0.2;6.7;0.0;2.0;8.1;61.9;18.0;334999;;;
Volusia County, Florida;529364;48.9;51.1;46.8;24.0;83.4;10.5;0.5;1.8;0.0;1.4;13.0;72.7;9.8;419748;;;
Wagoner County, Oklahoma;77679;49.0;51.0;39.1;15.3;75.4;3.5;8.9;1.2;0.1;1.2;5.9;71.9;3.4;56867;;;
Wake County, North Carolina;1046791;48.6;51.4;36.0;10.7;65.7;20.4;0.4;6.6;0.0;3.9;10.0;60.3;20.0;723400;;;
Walker County, Alabama;64967;49.4;50.6;41.8;19.2;N;N;N;N;N;N;2.5;N;N;49898;;;
Walker County, Georgia;67896;50.5;49.5;41.4;17.5;N;N;N;N;N;N;2.1;91.2;3.3;51134;;;
Walker County, Texas;71484;58.9;41.1;34.1;11.3;N;N;N;N;N;N;18.0;N;N;56359;;;
Walton County, Georgia;90184;49.3;50.7;38.3;14.9;77.4;18.1;0.0;1.5;0.1;2.2;4.2;75.5;18.1;65760;;;
Walworth County, Wisconsin;102959;49.9;50.1;39.9;16.2;93.6;1.0;0.1;1.0;0.0;2.2;11.2;85.3;1.0;77296;;;
Ward County, North Dakota;70210;53.0;47.0;30.7;11.9;86.6;2.2;4.3;1.2;0.0;2.4;6.1;83.3;2.2;52352;;;
Warren County, Kentucky;125532;49.3;50.7;33.1;12.4;82.1;9.4;0.5;3.8;0.0;2.1;5.2;79.1;9.4;92088;;;
Warren County, New Jersey;106617;49.5;50.5;44.1;16.7;89.1;4.7;0.1;2.6;0.0;1.9;8.8;82.3;4.6;80326;;;
Warren County, New York;64567;49.3;50.7;47.1;21.1;96.2;1.1;0.1;0.9;0.1;0.2;2.4;94.1;1.1;52040;;;
Warren County, Ohio;227063;50.4;49.6;39.0;13.7;88.5;3.8;0.0;5.6;0.0;0.8;2.7;86.7;3.6;166197;;;
Washington County, Arkansas;228049;49.6;50.4;31.5;11.6;76.5;3.8;1.0;2.4;2.2;11.2;16.4;71.9;3.7;154552;;;
Washington County, Maryland;150292;50.7;49.3;40.5;16.3;83.9;10.7;0.2;1.3;0.2;0.2;4.7;79.8;10.6;114009;;;
Washington County, Minnesota;253117;49.6;50.4;39.1;14.0;85.7;4.5;0.4;5.0;0.0;1.2;4.0;83.3;4.4;183686;;;
Washington County, Oregon;582779;49.2;50.8;36.6;12.6;75.3;1.9;0.4;10.1;0.4;5.8;16.5;66.6;1.8;394838;;;
Washington County, Pennsylvania;207981;48.9;51.1;44.6;19.4;93.5;3.0;0.1;1.0;0.0;0.6;1.7;92.4;3.0;165178;;;
Washington County, Rhode Island;126288;47.9;52.1;45.1;19.5;93.0;1.8;0.2;2.7;0.3;1.0;3.1;90.9;1.7;102611;;;
Washington County, Tennessee;127440;49.4;50.6;39.9;17.8;91.5;4.3;0.6;1.6;0.1;0.2;3.3;89.0;4.2;99565;;;
Washington County, Utah;160245;49.9;50.1;35.9;20.4;89.4;0.4;1.3;0.9;1.0;4.5;10.1;84.8;0.3;112821;;;
Washington County, Wisconsin;134296;49.3;50.7;42.9;16.9;94.9;1.0;0.2;1.5;0.1;1.0;3.1;92.9;1.0;103199;;;
Washoe County, Nevada;453616;50.4;49.6;38.2;15.7;78.3;2.3;1.5;5.6;0.5;7.3;24.2;63.4;2.2;319931;;;
Washtenaw County, Michigan;364709;49.4;50.6;33.5;12.9;73.8;11.9;0.5;8.6;0.0;0.6;4.6;70.5;11.8;271657;;;
Waukesha County, Wisconsin;398424;49.0;51.0;43.2;17.6;92.3;1.6;0.4;3.5;0.0;0.9;4.7;88.9;1.5;304573;;;
Wayne County, Indiana;66568;48.0;52.0;40.4;18.9;89.6;4.7;0.0;1.1;0.0;1.7;2.8;88.6;4.6;51315;;;
Wayne County, Michigan;1749366;48.1;51.9;37.8;14.4;52.8;38.9;0.3;3.1;0.0;2.1;5.8;49.6;38.6;1267998;;;
Wayne County, New York;90798;49.0;51.0;43.6;17.8;93.1;2.7;0.1;0.9;0.0;1.2;4.3;90.0;2.7;69990;;;
Wayne County, North Carolina;124150;48.8;51.2;37.3;15.0;64.2;29.8;0.3;1.2;0.1;0.9;11.5;53.8;29.8;86549;;;
Wayne County, Ohio;116470;50.0;50.0;38.7;16.8;94.1;1.7;0.0;1.1;0.0;1.5;1.9;93.7;1.7;87039;;;
Webb County, Texas;271193;48.5;51.5;28.1;9.1;95.4;0.4;0.1;0.3;0.0;3.0;95.5;N;N;126813;;;
Weber County, Utah;247560;50.4;49.6;32.4;11.3;90.3;1.0;0.7;1.2;0.1;3.7;18.0;76.5;0.9;165691;;;
Weld County, Colorado;294932;50.4;49.6;34.3;11.7;92.2;1.2;0.3;1.5;0.0;2.4;29.1;66.2;1.1;198854;;;
Westchester County, New York;974542;48.4;51.6;40.7;16.2;64.5;14.8;0.3;5.9;0.0;11.1;24.4;53.8;13.7;645413;;;
Westmoreland County, Pennsylvania;355458;48.8;51.2;46.7;21.8;94.7;2.7;0.0;1.0;0.0;0.2;1.1;94.0;2.6;287378;;;
Whatcom County, Washington;216800;49.5;50.5;37.0;16.4;82.3;1.2;2.8;4.3;0.2;5.1;9.2;79.4;1.2;162210;;;
White County, Arkansas;79263;48.1;51.9;35.8;15.6;N;N;N;N;N;N;4.2;N;N;58790;;;
Whitfield County, Georgia;104589;49.9;50.1;35.1;13.4;86.1;4.5;1.9;1.2;0.0;5.1;34.4;59.1;4.2;63338;;;
Wichita County, Texas;131838;51.6;48.4;34.0;14.3;78.9;9.6;1.1;2.8;0.1;2.9;18.9;65.7;9.2;97497;;;
Wicomico County, Maryland;102577;47.8;52.2;35.8;15.0;67.3;25.4;0.0;3.4;0.1;0.9;5.1;63.3;25.1;74625;;;
Wilkes County, North Carolina;68740;49.3;50.7;44.2;20.1;90.3;2.9;0.0;1.8;0.2;2.8;6.2;87.6;2.4;52239;;;
Will County, Illinois;689529;49.6;50.4;37.9;12.1;73.3;11.1;0.3;5.6;0.1;6.9;17.0;64.1;10.9;476998;;;
Williamson County, Illinois;67560;51.1;48.9;41.3;18.2;N;N;N;N;N;N;2.6;89.9;4.6;52308;;;
Williamson County, Tennessee;219107;48.9;51.1;39.0;12.1;88.8;4.1;0.1;4.1;0.2;0.5;4.6;84.9;4.0;149547;;;
Williamson County, Texas;528718;49.2;50.8;36.2;11.9;79.8;6.0;0.3;6.7;0.0;2.8;24.1;60.3;5.9;362262;;;
Wilson County, North Carolina;81661;47.6;52.4;40.3;17.0;50.8;39.8;0.7;0.3;0.0;6.0;10.0;N;N;59055;;;
Wilson County, Tennessee;132781;49.0;51.0;41.1;15.3;88.8;7.3;0.4;1.8;0.0;0.5;4.0;85.7;7.2;99361;;;
Windham County, Connecticut;116192;49.3;50.7;40.8;15.5;88.8;3.1;0.5;1.6;0.0;1.9;11.5;83.0;1.9;90477;;;
Winnebago County, Illinois;285873;48.9;51.1;39.8;16.6;79.2;12.6;0.1;2.5;0.0;1.9;12.5;69.7;12.1;208387;;;
Winnebago County, Wisconsin;169886;50.7;49.3;38.6;15.6;92.3;2.2;0.6;2.7;0.0;0.7;4.0;89.1;2.2;132376;;;
Wood County, Ohio;130219;50.1;49.9;34.8;14.8;91.5;3.0;0.4;1.5;0.2;1.4;5.5;88.5;2.9;102079;;;
Wood County, West Virginia;85643;47.8;52.2;43.0;19.4;N;N;N;N;N;N;1.1;95.3;2.0;67162;;;
Wood County, Wisconsin;73107;48.6;51.4;44.1;19.4;95.1;1.2;0.5;2.0;0.0;0.0;2.9;92.7;1.2;56814;;;
Woodbury County, Iowa;102779;49.9;50.1;35.1;14.8;84.9;3.6;0.7;3.1;0.7;3.0;16.0;74.1;2.7;72487;;;
Worcester County, Massachusetts;819589;49.4;50.6;40.1;14.9;83.3;4.9;0.2;4.9;0.0;4.1;11.0;77.4;4.4;605112;;;
Wright County, Minnesota;132550;50.5;49.5;36.6;12.1;94.4;1.5;0.4;1.5;0.0;0.8;2.8;92.8;1.5;94032;;;
Wyandotte County, Kansas;163831;49.5;50.5;33.9;11.5;58.9;22.8;0.8;3.7;0.0;9.4;28.3;41.1;22.2;97577;;;
Yakima County, Washington;249636;50.0;50.0;32.8;13.5;77.9;1.4;4.3;1.0;0.0;12.1;48.8;43.8;0.6;145562;;;
Yamhill County, Oregon;105035;50.6;49.4;38.2;16.3;87.6;0.6;1.7;1.7;0.3;3.2;15.7;77.1;0.6;76145;;;
Yavapai County, Arizona;225562;49.2;50.8;53.1;29.9;93.1;0.5;1.5;1.0;0.1;1.8;14.4;80.8;0.5;183515;;;
Yellowstone County, Montana;158437;49.8;50.2;38.9;16.2;91.1;0.5;3.9;0.6;0.0;0.5;5.5;86.7;0.5;120412;;;
Yolo County, California;215802;48.7;51.3;30.9;12.0;70.4;2.5;0.9;14.0;0.4;5.4;31.5;47.1;2.5;144208;;;
York County, Maine;202343;48.6;51.4;44.9;19.0;95.8;1.2;0.0;2.1;0.0;0.1;1.6;94.4;1.1;160021;;;
York County, Pennsylvania;443744;49.3;50.7;41.2;16.7;88.3;5.8;0.2;1.6;0.1;1.8;7.2;83.9;5.2;336501;;;
York County, South Carolina;258526;48.1;51.9;38.7;13.8;74.0;18.7;0.8;1.9;0.0;2.2;5.3;70.4;18.7;187699;;;
York County, Virginia;67976;47.6;52.4;39.5;15.1;74.9;12.8;0.4;6.2;0.9;0.8;6.1;71.2;12.8;49275;;;
Yuba County, California;75275;50.4;49.6;32.4;10.8;74.4;3.1;1.4;4.9;1.8;5.3;27.8;55.8;3.1;50450;;;
Yuma County, Arizona;205631;51.6;48.4;34.8;18.5;54.8;1.8;1.4;1.3;0.1;38.0;62.8;31.8;1.5;125711;;;